topic_id,topic_name,topic_whether_background,topic_havebg_id,topic_havebg_else,topic_category,topic_synopsis,topic_remark,topic_teacher,topic_whether_pass,topic_major,topic_time
2022xj021,分类算法在疾病诊断中的应用,FALSE,,,工程实践/应用型,"分类问题是数据挖掘处理的一个重要组成部分，在机器学习领域，分类问题通常被认为属于监督式学习(supervised learning)，也就是说，分类问题的目标是根据已知样本的某些特征，判断一个新的样本属于哪种已知的样本类。

分类算法在医学、生物学和经济管理等诸多领域都有着广泛的应用。在医学领域，医生和学者们对心血管功能进行定量的判别与预测；探讨肺癌细胞核的有关体视学参数在肺癌诊断分型方面的意义；对因大肠癌而住院的病历按治愈和未愈分两组进行非条件多因素分类分析；通过分类探讨进展期胃癌淋巴结的转移规律等。

在本毕业设计中，我们将详细学习几种主要的分类算法及其在计算机上的实现，并结合具体问题探讨其应用。比如我们将针对乳腺癌数据，根据细胞组织细针抽吸活检所反映的特征，来判断被检者是否患有乳腺癌（细胞组织样本单元由空心细针在皮下肿块中抽得）。 
",,李彦,TRUE,信息与计算科学,2021/11/1
2022xj022,基于统计分析的C4烯烃制备问题研究,FALSE,,,工程实践/应用型,"C4 烯烃广泛应用于化工产品及医药的生产，乙醇是生产制备 C4 烯烃的原料。在制备过程中，催化剂组合（比如Co 负载量、Co/SiO2 和 HAP 装料比、乙醇浓度等）与温度对 C4 烯烃的选择性和 C4 烯烃收率将产生影响。因此通过对催化剂组合设计，探索乙醇催化偶合制备 C4 烯烃的工艺条件具有非常重要的意义和价值。

在本次毕业设计中，我们将使用数据分析、统计分析和机器学习的方法，结合以往的实验数据，根据反应温度、时间、乙醇的转换率、C4烯烃的吸收率建立数学模型，探求催化剂组合和外界环境对生产的影响，从而尽可能提高生产效率和经济效益。
",,李彦,TRUE,信息与计算科学,2021/11/1
2022wl014,光伏方阵倾角的变化对太阳能空调系统的影响分析,FALSE,,,工程实践/应用型,"随着人们对生活环境的要求越来越高，在全球气候变暖的环境下，世界各国对太阳能的重视程度越来越高。太阳能科技的迅猛发展，使得太阳能的应用日新月异，太阳能空调系统就是这种应用的具体实现。掌握当地的太阳辐射资料，对其进行深入研究，就能高效的使用太阳能，让太阳能空调系统的效率最大化。光伏系统设计中，光伏方阵倾角的计算是一门重要的关键技术。太阳能空调系统本身具有自己的特殊性，因此光伏方阵倾角的计算也就有了重要的研究价值。
   本项目主要讨论太阳能空调的关键技术和光伏方阵倾角的计算。
①扎实的太阳辐射量理论知识
②学习和了解太阳能空调的关键技术
③建立太阳辐射量的计算模型
④推导太阳辐射量的计算公式
⑤用C++语言进行程序编写并实例计算
",学生有一定的光伏系统设计基础，较好的理论物理知识和推导能力，很强的C++语言程序设计的技能，并可以独当一面的进行C++程序的设计和完整调试。,葛亮,TRUE,应用物理学,2021/11/1
2022wl018,原子线和分子结中的热流和热电,FALSE,,,基础型,纳米结构的制造和表征要求人们对于热流和热电现象中蕴含的基本物理问题有更深入的理解。本课题要求对分子结和原子线中的热导，热电，局域热及局域温度以及热流密度和温度梯度的关系等基本物理问题给出较详尽的综述。综述不是简单的资料堆砌，而是在充分占有材料的基础上将该领域的基本物理问题进行合理划分，分别加以评述，评述时要兼顾理论和实验的进展，指出现存的问题和有可能改进的方向。希望通过这篇综述，给未来的科研工作带来启迪。,英文较好，对热导，热电领域有较强的兴趣。,蒋锋,TRUE,应用物理学,2021/11/1
2022xj050,数字带通滤波器的设计方法探讨及应用,FALSE,,,基础型,"数字信号处理利用计算机或专用处理设备，以数值计算的方法对信号进行采纳、变换、综合、估值与识别等加工处理，借以达到提取信息和便于应用的目的。数字信号处理具有灵活、精确、抗干扰强、设备尺寸小、造价低、速度快等突出优点，这些都是模拟信号处理系统所False法比拟的。Matlab除了具备卓越的数值计算能力外，它还提供了专业水平的符号计算，文字处理，可视化建模仿真和实时控制等功能。让学生尝试用Matlab进行数字信号处理，来设计实现数字滤波器，可将他们从繁琐的数学运算中解放出来，并加深他们对数字信号处理基本原理、方法及应用的理解，以培养主动获取知识和独立解决问题的能力。通常利用模拟滤波器的理论和设计方法来设计数字滤波器，主要途径是先设计巴特沃斯低通滤波器 ，再通过适当的频率转换转换成所需频段的模拟滤波器，最后通过一定的转换关系 转换成数字滤波器的系统函数 并使其符合设计指标和要求。设计过程中的计算和画图要求用Matlab实现。具体要求如下：1．阅读并熟悉有关Matlab原理及应用方面的一些文献资料。掌握Matlab的基本功能和应用方法，特别是与数字信号处理相关的函数以及Matlab的程序设计方法，最后用自己的语言给出一个简介或综述。2．阅读信号与系统、数字信号处理等方面的相关书籍。熟悉离散时间信号的概念及线性时不变系统的概念；熟悉线性时不变系统的时域和频域表示；熟悉FIR数字滤波器的基本原理；熟悉利用窗函数法等设计FIR数字滤波器的原理。最后给出一个综述或小节。3．尝试用Matlab软件来设计数字高通滤波器并实现过程中的计算和画图。必要时可举例说明
",,王焱平,TRUE,信息与计算科学,2021/11/2
2022xj036,基于Python的汽车价格离群值检测,FALSE,,,基础型,汽车是现代社会不可或缺的交通工具。借助汽车带来的便利，人们可以打破距离的限制，更好地享受生活，某机构向三个行业的出版商、市场和搜索引擎提供数据，这三个行业为汽车、房地产和休闲、住宿和旅游。本问题提供一份来自该机构的二手汽车数据集。数据集共有417个样本，包含价格、已行驶公里数、上市年份、档次、引擎缸数和换挡方式共6个特征。具体特征有表格。这些数据由用户手工录入，容易受到人为失误的影响，比如用户在错误的字段中填写信息，False意中发生错误或输入较大数值等。考虑适当的方法对上述数据集进行离群值检测。,对Python编程有一定的兴趣或是基础,孙园,TRUE,信息与计算科学,2021/11/2
2022xj051,变分法及其在数学建模中的几个应用,FALSE,,,基础型,变分法在处理优化动态模型中是一个有力工具，这时优化目标仍然是一个数值，而最优策略是函数。对于连续过程可归结为求泛函的极值，常用的方法有古典变分法和最优控制理论。最优控制问题是在一定的约束条件下，寻求使性能指标达到极值时的控制函数。当被控制对象的运动特性由向量微分方程来描述，性能指标由泛函来表示时，确定最优控制函数（最优控制律）的问题，就成了在微分方程约束下求泛函的条件极值问题。这里我们主要考虑变分法的方法。变分法是研究泛函极值问题的数学方法，可用于确定容许控制为开集时的最优控制函数。课题要求学习泛函与变分、欧拉方程、横截条件等基本内容。学习并讨论用变分法解最优控制问题，结合实际调研给出应用举例。,"参考文献：1. 最优控制理论在电力系统配网自动化中的应用概述
          2. 有关最优控制理论在电力系统配网自动化中应用研究 
          3. 最优控制理论与应用",王焱平,TRUE,信息与计算科学,2021/11/2
2022xj013,信息率失真函数在数据压缩中的应用,FALSE,,,工程实践/应用型,在实际的通信系统中，信息在信道的传输过程中总会受到噪声和干扰的影响，或多或少总会产生一些失真。随着科学技术的发展，数字系统的应用越来越广泛，就需要传送、存储和处理大量数据，为了提高传送和存储数据的效率，往往需要压缩数据，在一定的失真范围内，信息可以压缩的极限值的研究具有重要现实意义。通过计算信息率失真函数R(D)来研究某一失真条件下编码效率，及可以压缩的极限值具有重要的实用价值。一般采用带参量的迭代法求解R(D)之值，用改进的预估—校正法计算可以减少计算量。,编程能力较强，熟悉数据库,蒋书法,TRUE,信息与计算科学,2021/11/2
2022xj014,ELGAMAL公开密钥体制改进和应用,FALSE,,,工程实践/应用型,为保证公开密钥体制RSA算法的安全性，它的密钥长度需要很长，使得加密和解密计算量都非常大。相比之下，椭圆曲线密码体制可以用小得多的密钥获得同样的安全性，同时椭圆曲线具有丰富的群结构和多选择性，由此具有广泛的应用前景。为提高加密的安全性同时又可以使得计算量增加不太大，利用椭圆曲线ELGAMAL密码体制，选择某密钥长度，对明文进行两次加密，然后再对密文进行两次解密，既可以大大提高安全性，同时计算量又不会增加很多，从而提高效率。,编程能力较强，熟悉数据库,蒋书法,TRUE,信息与计算科学,2021/11/2
2022wl059,石墨烯气溶胶基底CO/Mn-MOF超级电容器,FALSE,,,基础型,"超级电容器是一种被广泛研究的储能装置，它介于传统电容器和电池之间，既具有电容器快速充放电的特性，又具有电池的储能特性，功率密度大、循环寿命长，安全可靠False污染。作为超级电容器常用的电极材料，过渡金属氧化物具有较高的能量密度，但是其导电性差、纳米结构易团聚、比表面积低、活性位点少、充放电过程中材料体积易膨胀、电解质在大尺寸材料中渗透性差，这些问题严重影响了过渡金属氧化物作为超级电容器电极材料的电化学性能，限制了它们的商业化应用。石墨烯也是超级电容器的一种常见的电极材料，它具有二维纳米片状结构和优异的力学性能，是一种很有前途的导电碳材料，将二者复合可有效解决上面所提到的过渡金属化合物作为电极材料所面临的问题。
本课题基于金属-有机框架（MOF）化合物的结构、成分可调性以及热转化产物的多样性等优势，以氧化石墨烯（GO）为基底，通过吸附作用在其上生长超小的 MOF 纳米颗粒，制备 MOF/GO 复合气凝胶，再以 MOF/GO 为前驱体，采用高温热转化的方法制备过渡金属氧化物/石墨烯复合材料。",,朱燕艳,TRUE,应用物理学,2021/11/3
2022wl060,仿生碳基CoO2超级电容器,FALSE,,,基础型,"超级电容器（Supercapacitor, SC），也被称作电化学电容器，是介于传统电容器和电池之间的一种储能装置，既具有电容器快速充放电的特性，又具有电池的储能特性。超级电容器的性能与电极材料、电解液、隔膜等组成有关，而电极材料在很大程度上决定了器件的性能。值得注意的是，电极材料中活性物质的组成、尺寸、含量和分布都对其电化学性能有很大的影响，比如说，可以发生氧化还原反应的赝电容材料与碳材料复合，可以获得两种材料的优势，弥补单一材料的劣势；高含量、小尺寸的活性物质可以提供足够的活性位点；与大尺寸的颗粒相比，分布良好的超小颗粒可以使电解液更容易接近活性中心，有利于电解质离子的扩散和相关的氧化还原反应。但是如何可控合成尺寸小、含量高、分布均匀的电极材料是一个尚待解决的问题。
因此，本课题将从选择合适的电极材料出发，在纳米尺度上设计材料的结构，提高超级电容器的电化学性能。",,朱燕艳,TRUE,应用物理学,2021/11/3
2022wl061,纳米银的制备和杀菌机理,FALSE,,,基础型,"纳米银作为金属银的一种特殊形态，是指粒径在1～100nm之间的金属银微粒组成的粉体。由于其颗粒极其微小，表面积较大,使其具有显著的表面效应、量子尺寸效应和量子隧道效应，因而使纳米银具有超强的活性及渗透性，其杀菌作用是普通银的数百倍。另外，由于纳米尺度的金属银的表面电子特性，它可以与细菌的蛋白质分子上的疏基、胺基等吸电子基团形成配体，从而进一步增强了抗菌效果。纳米银是一类新型抗菌剂，它具有强大的抑菌、杀菌作用及其广谱的抗菌活性，具有传统False机抗菌剂False法比拟的抗菌效果，False耐药性，安全性高。随着抗生素的细菌耐药性日益严重，纳米银在消毒杀菌领域的研究和应用越来越受到了广泛的关注。
但在实际应用中，纳米银的制备和杀菌机理还是不清楚，需要进一步研究。本课题拟在纳米银的科研前沿作一深入了解，并试图了解初步的杀菌机理。",,朱燕艳,TRUE,应用物理学,2021/11/3
2022xj045,二维虫口模型的混沌特征,FALSE,,,工程实践/应用型,"混沌作为一种非常有趣的非线性现象，在最近30年被广泛的研究。我们熟知的抛物线函数就是一个非线性映射。虫口模型就是一个抛物线函数，它虽然形式简单但动力学行为丰富多彩。虫口模型最早出现在种群生态学的研究中,常被用于模拟和分析生物种群的演化.该模型是数学生态学家May于1976年发表在《自然》杂志上的一篇影响甚广的综述文献中提出的。本课堂主要讨论二维随机耦合虫口模型的混沌特征，主要从相图、Lyapunov指数的角度讨论虫口模型按周期分岔和Hopf分岔走向混沌的演化规律。",,王军平,TRUE,信息与计算科学,2021/11/3
2022xj074,基于机器学习的证券投资策略研究,FALSE,,,工程实践/应用型,"机器学习作为一门交叉学科，涉及统计学、数学、计算机科学等多个领域，内容庞杂，
分支众多，归纳方式也有多种。比如一般按有False标签信息分为有监督学习和False监督学习；
按学习思想又可归纳出对偶学习、迁移学习、对抗学习等。
    机器学习方法的很多特性确实能够弥补传统方法的不足，满足更精确估计和信息提取的需要。这些特性包括但不限于以下几个方面：
&#61548;  非线性优势。在很多定价模型和多因子模型中传统的方法都假设因子与收益之间是线性关系，这点假设过强。机器学习方法能够提供非线性的模型。另外，深度的非线性模型可以提取数据中高层的概念模式，提升模型的描述能力。
&#61548;  数据化优势。随着信息化变革的加深，全社会产生的数据在总量和维度上都已经今非昔比，传统数据已经不能满足专业投资者的需要。投资者开始从新闻，产品网站，卫星数据等另类数据中挖掘有价值的信息并进行数据化。机器学习在这些方面已经有成熟的技术工具可以使用，如自然语言处理技术和图像处理技术。
&#61548;  速度优势。在投资领域处理信息的速度起着至关重要的作用，因为信息的价值会随着时间而衰减。机器学习技术可以快速对海量的数据进行处理来产生交易想法和信号，从而领先其他投资者。
&#61548;  复杂度优势。在中高频的交易领域，传统交易信号指标多是基于量价数据，指标设计也往往根据个人经验，这样极容易造成信号指标间的同质化，导致投资收益降低。机器学习技术可以批量的从基础数据中挖掘新的指标，且能保证差异化，最终保证了获利能力。
    本课题将收集股票指数或个股价格数据，采用合适的机器学习方法，探索出较好的交易策略，在控制回撤幅度等风险指标的前提下，以获得超额收益。",具备python编程能力和数据的统计分析能力。,朱威,TRUE,信息与计算科学,2021/11/3
2022xj075,基于LSTM模型的股票价格预测研究,FALSE,,,基础型,"长短期记忆模型（LSTM）模型是一种神经网络模型，其基本思想的是将循环神经网络（RNN）中的每个隐藏单元换成了具有记忆功能的cell，每个cell的组成如下：
（1）输入节点：与RNN中的一样，接受上一个时刻点的隐藏节点的输出以及当前的输入作为输入，然后通过一个tanh的激活函数；
（2）输入门：起控制输入信息的作用，门的输入为上一个时刻点的隐藏节点的输出以及当前的输入，激活函数为sigmoid（原因为sigmoid的输出为0-1之间，将输入门的输出与输入节点的输出相乘可以起控制信息量的作用）；
（3）内部状态节点：输入为被输入门过滤后的当前输入以及前一时间点的内部状态节点输出；
（4）忘记门：起控制内部状态信息的作用，门的输入为上一个时刻点的隐藏节点的输出以及当前的输入，激活函数为sigmoid（原因为sigmoid的输出为0-1之间，将内部状态节点的输出与忘记门的输出相乘可以起控制信息量的作用）；
（5）输出门：起控制输出信息的作用，门的输入为上一个时刻点的隐藏节点的输出以及当前的输入，激活函数为sigmoid（原因为sigmoid的输出为0-1之间，将输出门的输出与内部状态节点的输出相乘可以起控制信息量的作用）
  这样可以达到一种效果，使得LSTM既可以不会遗漏较远的重要信息，也不会引入较近期的不重要的噪声信息，使得LSTM的具有更好的预测功能。本课题将LSTM模型应用于股价预测，引入合适的外部变量，在特定的预测指标基准下达到较好的效果。",选题者需要具备较好的python或matlab编程能力，具备基本的数据分析能力。,朱威,TRUE,信息与计算科学,2021/11/3
2022xj076,市场交易情绪的指标选取与量化研究,FALSE,,,工程实践/应用型,"投资者情绪是行为金融学的基本概念，学术界始终没有对其定义达成共识。
Lee et al.（1991）将投资者情绪定义为False法被基本面因素所解释的收益率预期。
Baker和Stein（2004）认为投资者情绪反映了投资者的价值判断与资产真实价值的偏差。
Baker和Wurgler（2006）提出了两种投资者情绪定义：第一种，投资者情绪是指投资者的投机倾向；第二种，投资者情绪是对股票市场整体的乐观与悲观心态。投资者情绪是影响股票市场表现的重要因素。当市场持续上涨时，投资者情绪高涨，表现得过于激进；当市场持续下跌时，出于对股票市场未来发展的担忧，投资者情绪十分低落，表现得过于保守，甚至过于恐惧。
   本课题将选取合适的情绪刻画指标，构建合适的指标体系，来量化市场的交易情绪。",学生需具备编程能力（最好是python）和数据分析处理能力。,朱威,TRUE,信息与计算科学,2021/11/3
2022wl047,制备时间对MgB2物性的影响研究,TRUE,横向H2019-020,,基础型,"超导材料能在低温条件下呈现出电阻为零且排斥磁力线，具有在超导态，能够False损耗传输电能，捕获强的磁场等众多优势，引起众多的科学家进行多方面的研究。低温合金超导体已经广泛地应用于医学CT/核磁共振、超导量子干涉仪等众多仪器。MgB2合金超导体于2001年被日本科学家发现，其超导转变温度接近40K，其转变温度几乎是合金超导体转变温度的2倍，低温工作条件可以通过液态氖实现，而不再是液态氦来实现低温，这将使其材料在工业应用中降低成本。而合金超导材料相对于高温超导稀土铜氧化物来说，制备条件更为简单，并且制备成本比较低，性能在研究过程中更容易分析。
本课题通过快速等离子放电烧结(SPS)方法，采用不同的制备时间制备了MgB2样品。根据物性测试系统测试的数据，对材料进行结构、磁性能的分析，讨论不同制备时间对MgB2超导材料的性能的影响。学生根据已有的物理知识对实验数据进行简单的分析。目的在于培养学生分析问题和解决问题的能力，学习材料分析的手段和方法。
一、本课题主要内容：	
1）学习快速等离子放电烧结方法；
2）根据物性测试系统测试的已有数据，使用Excell，origin等作图软件做出图线，同时根据微观扫描图像，利用自己的物理知识对实验结果进行简单的分析。
二、所需主要知识：
《电磁学》、《材料物理》等
","二、所需主要知识：
《电磁学》、《材料物理》等",张玉凤,TRUE,应用物理学,2021/11/3
2022wl048,基于高温超导GdBCO材料的制备和磁性能的研究,TRUE,国家基金（11004129）,,基础型,"超导材料能够在低温条件下呈现出电阻等于零以及排斥磁力线等性质。铜氧化物高温超导块材具有较高的磁感应强度，尺寸为120cm的圆柱形超导块材在低温77K时，因为强磁场而产生的悬浮力可以负载一个成年人的重量，这是相同尺寸的永久磁体根本False法达到的。因为优越的性能，高温超导材料广泛地应用于电机、磁悬浮列车、绿色可持续能源、风力发电等众多方面，美国、欧洲、日本、中国等都已经将该类材料列入国家发展计划。
本课题主要是通过熔融织构方法，寻找合适的修改制备高性能的GdBCO超导块材，同时对该材料的磁性能进行相应的分析研究，找到提高超导块材性能的方法，促进材料的应用研究。目的是培养学生独立的实验分析和解决问题的能力。
一、本课题主要内容：
1）主要学习超导材料的制备方法。	
2）进行简单的制备实验工作，根据已有的实验数据，通过origin软件进行数据处理，对超导的磁性能进行计算。通过已有的物理知识，对实验数据进行简单的分析。
二、所需主要知识：
《电磁学》、《材料物理》等
","二、所需主要知识：
《电磁学》、《材料物理》等",张玉凤,TRUE,应用物理学,2021/11/3
2022xj052,蒙特卡罗方法在金融计算中的应用研究,FALSE,,,基础型,"蒙特&#8226;卡罗方法（Monte Carlo method），也称统计模拟方法，是二十世纪四十年代中期由于科学技术的发展和电子计算机的发明，而被提出的一种以概率统计理论为指导的一类非常重要的数值计算方法。是指使用随机数（或更常见的伪随机数）来解决很多计算问题的方法。
与它对应的是确定性算法。蒙特&#8226;卡罗方法在金融工程学，宏观经济学，计算物理学等领域应用广泛。蒙特卡罗方法具有程序结构简单、收敛的概率性和收敛速度与问题维数False关和适应性强的特点,它能弥补网格分析技术和有限差分技术在面对高维问题的不足,被越来越多地应用到期权定价中来。
",认真积极主动，有一定的概率基础和计算机基础。,吴蓓蓓,TRUE,信息与计算科学,2021/11/3
2022xj053,基于有限差分的热传导方程数值解法研究,FALSE,,,基础型,"许多工程问题需要研究热量在物体内部的传导情况或某种物质在液体中的扩散情况，因此
研究热传导问题特别是非稳态热传导问题十分重要．热传导方程（或称热方程）是一个重要的偏微分方程，它描述一个区域内的温度如何随时间变化。有限差分方法（finite difference method）一种求偏微分（或常微分）方程和方程组定解问题的数值解的方法，简称差分方法。本课题主要对求解热传导方程的几种差分格式进行分析，并讨论使用 MATLAB 编程求解偏微分方程的方法． 编制几种差分格式的 MATLAB 程序，使用算例进行数值实验，在不同网格比情况下，比较几种算法的优劣．
",认真积极主动，有一定的计算机基础。,吴蓓蓓,TRUE,信息与计算科学,2021/11/3
2022xj054,电视节目收视率预测方法研究及分析,FALSE,,,基础型,收视率是电视节目的一个重要指标，它不仅关系到某档节目在观众中的口碑，还直接关系到节目经营效益和广告价值。如果能准确预测电视台预期播出节目的收视率，就能够更好地进行节目调度工作。考虑到特定电视节目的受众群体相对稳定，排除极少数突发事件的影响，电视节目收视率在短时间内是具有很强稳定性的，因此近期收视率数据在预测即将播出的节目收视率的问题中具有很大的价值。电视收视率的竞争犹如 一个巨大的竞技场，一方获利则意味着必有一方失利。电视台的广告收入与观众规模的多少有直接的关联。电视机构的执行者将广告时间出售给广告客户，其价格大小的参考往往来自于对电视节目收视率的预测。由于 大部分电视机构的广告推介往往提 前于电视节目的播出，因此，对于电视机构而言，获得一个预测收视率的方法是很必要的。,,吴蓓蓓,TRUE,信息与计算科学,2021/11/3
2022xj077,一种矩阵的随机奇异值分解算法及其应用,FALSE,,,基础型,奇异值分解是一种极其重要的矩阵分解方法，在数值线性代数领域具有基石地位。这种分解方法广泛应用于信号和图像处理、统计和数据压缩等领域。对于阶数较大的矩阵而言，奇异值分解的计算成本是非常高的，其计算复杂度数倍于同阶数矩阵的QR分解的计算复杂度。实际应用中，往往只需要计算矩阵的k-截断奇异值分解，它是完整奇异值分解的最优低秩逼近，可以大幅压缩数据的存储空间，同时保持较好的近似程度。但是精确k-截断奇异值分解的计算复杂度也是非常高的。2006年，数值代数专家M.Mahoney教授与其合作者提出了一种随机奇异值分解算法——LinearTimeSVD，该算法兼具了低复杂度和高近似度。本课题主要研究LinearTimeSVD算法在MATLAB环境下的实现及其在图像处理领域的应用，并在实践过程中探索原算法的改进方法。,掌握线性代数（矩阵论）的基础知识，熟悉MATLAB编程，对数值算法设计有一定的兴趣。,竺筱晶,TRUE,信息与计算科学,2021/11/4
2022xj003,粒子群算法在求解数学建模问题中的应用研究,FALSE,,,工程实践/应用型,"<br>数学建模中的某些优化问题不能使用Lingo优化求解器或Matlab优化工具箱等直接求解，而启发式算法是求解这类问题的一个有效选择，其中粒子群算法通过模拟鸟群觅食行为而发展起来的一种基于群体协作的随机搜索算法。本文选定收敛速度快和容易编程实现的粒子群算法来研究在求解数学建模问题中的应用。<br>

<br>主要内容包括（供选择也不局限下面内容）：<br>
（1）粒子群算法原理介绍，不同参数配置方案对算法求解结果的影响分析。<br>
（2）有约束优化问题化为False约束优化问题的方法：Lagrange乘数法和罚函数法。<br>
（3）应用案例1：利用粒子群算法求解“电影院的视角和仰角问题”。<br>
（4）应用案例2：利用粒子群算法求解“炉温曲线的优化设计” 子问题。<br>
（5）应用案例3：感兴趣的其他建模问题。<br>
（6）结果分析和比较：与模拟退火等启发式算法的比较。<br>
（7）探讨：与遗传算法相结合研究0-1整数规划问题。<br>
",,邓化宇,TRUE,信息与计算科学,2021/11/4
2022xj058,基于奇异谱分析的景区流量预测模型,FALSE,,,基础型,"奇异谱分析是一种处理非线性时间序列数据的方法，通过对所要研究的时间序列的轨迹矩阵进行分解、重构等操作，提取出时间序列中的不同成分序列(长期趋势，季节趋势，噪声等)，从而进行对时间序列进行分析。
从统计年鉴上获取所需资料数据，运用所学金融数学专业知识和数理统计知识，从中筛选出重要的指标作为研究的变量，利用有关通用工具软件如EXCEL、SPSS等，整理数据，先建立数据文件，并进行简单的描述性统计，初步分析数据；再利用有关统计软件如MATLAB或SPSS等，利用数理统计方法对模型进行统计假设检验，进而选用数理统计方法如：运用奇异谱分析、回归分析方法等对所选数据进行统计分析。通过建立的数学模型分析显著性影响因素及其发展状况。
",要求选取的样本数据合理、采用的分析方法恰当、得到的数学模型统计意义显著，结论具有一定的实际意义。基础知识为金融数学、概率论与数理统计、计量经济学、Excel 软件。,徐文莉,TRUE,信息与计算科学,2021/11/4
2022xj059,基于层次分析法的地区核心竞争力等级评定方法,FALSE,,,基础型,"层次分析法用于不确定情况下的多准则决策问题，将一个复杂的多目标决策问题作为一个系统，将目标分解为多个目标或准则，进而分解为多指标（或准则、约束）的若干层次，通过定性指标模糊量化方法算出层次单排序（权数）和总排序，以作为目标（多指标）、多方案优化决策的系统方法。其基本思想是将复杂的决策问题系统化分解为各个组成因素，再将这些因素按支配关系分组形成递阶层次结构，通过对各个准则和子准则的权重及重要性进行分层度量再以两两比较的方式确定层次中诸因素的相对重要性，并综合相关人员的判断，确定备选方案相对重要性的总排序，最终解决决策问题。
从统计年鉴上获取所需资料数据，运用所学金融数学专业知识和数理统计知识，从中筛选出重要的指标作为研究的变量，利用有关通用工具软件如EXCEL、SPSS等，整理数据，先建立数据文件，并进行简单的描述性统计，初步分析数据；再利用有关统计软件如MATLAB或SPSS等，利用数理统计方法对模型进行统计假设检验，进而选用数理统计方法如：运用层次分析法、聚类分析法、主成分分析方法等对所选数据进行统计分析。通过建立的数学模型分析显著性影响因素及其发展状况。",要求选取的样本数据合理、采用的分析方法恰当、得到的数学模型统计意义显著，结论具有一定的实际意义。基础知识为金融数学、概率论与数理统计、计量经济学、Excel 软件。,徐文莉,TRUE,信息与计算科学,2021/11/4
2022xj037,基于Python的个人爱好与生活习惯的关联分析,FALSE,,,基础型,一个人的爱好与个人的生活习惯紧密相关，如何挖掘二者之间的关系，成为了一个重要的研究课题。通过个人习惯分析个人的爱好，然后再通过引发个人爱好从而促进生活习惯的改善，是一个非常有意义的研究课题。在本课题中，我们提供一定量的个人习惯与个人爱好的数据，请根据这些数据，选取适当的关联规则，分析这些个人习惯与个人爱好之间的联系，也可以进一步的考虑，如何培养一些好的爱好，从而促进个人习惯的改进。在本课程的研究过程中，我们主要使用Python程序读取数据，编写Python程序建立模型分析数据、处理数据和挖掘数据，从而得出相关的结论。,对Python编程有一定的兴趣和基础,孙园,TRUE,信息与计算科学,2021/11/4
2022wl050,丝瓜碳网络架构氧化钴掺杂材料的电化学性能研究,FALSE,,,基础型,"超级电容，又名电化学电容，双电层电容器、黄金电容、法拉电容，是从上世纪七、八十年代发展起来的通过极化电解质来储能的一种电化学元件。
它不同于传统的化学电源，是一种介于传统电容器与电池之间、具有特殊性能的电源，主要依靠双电层和氧化还原赝电容电荷储存电能。但在其储能的过程并不发生化学反应，这种储能过程是可逆的，也正因为此超级电容器可以反复充放电数十万次。
超级电容的储能材料要具备质量比高电容、高循环寿命等性能。
  丝瓜碳在高温煅烧下会形成网状结构，借助氢氧化钾的作用，掺杂一定量的氧化钴氧化物粉末，形成有机复合材料。该材料用来制备超级电容的活性材料，有可能会形成较好的电化学性能。我们计划探索该材料的制备条件与材料的电化学性能之间的关系。探索出最优化的制备条件进而得到材料较好的电化学性能。",最好有考研计划的同学。每周至少二天能在学校实验室做实验。,赵雨,TRUE,应用物理学,2021/11/5
2022wl051,光伏组件倾角与发电量的关系的实验研究,FALSE,,,工程实践/应用型,"由于光伏发电系统的清洁性和安全性，在电力系统中的应用越来越广泛，光伏系统发电量受到很多外界因素的影响，包括光伏板的性能、太阳辐照强度、环境温度等，其中太阳辐照强度是最主要的因素［１－３］。文献［４－６］提出了倾斜面上月平均太阳辐照量的计算方法，该方法对于散射量的计算偏差较小。文献［７］采用了 Ｈａｙ提出的各向异性天空辐照模型，能够更加精确地计算斜面辐照量的大小；文献［８］给出一种按季调节的组件倾角的调节方法；文献［９］对于给定的倾角范围，对不同角度下的光伏组件发电量多少确定组件的最优
化倾角；文献［１０］针对武汉地区某一光伏平台，设置不同倾角，统计对应角度下的光伏组件发电量的多少确定组件的最优化角度。
  但是至今还没有一篇文献介绍有关组件倾角与最终发电量之间的关系的实验验证性实验。该课题打算就该问题做实验验证。关键问题是用组件开路电压或者短路电流代替最终的发电量的合理性。还有我们打算用不同月份的组件的实际发电量测量来定量实验验证我们的结论。",最好考研究生的同学。每周至少一天在学校做实验。,赵雨,TRUE,应用物理学,2021/11/5
2022xj004,最小生成树算法及其实际应用,FALSE,,,其它,"给定一个带权的False向连通图, 如何选取一棵生成树, 使树上所有边上权的总和为最小,这叫最小生成树。求一个赋权连通图的最小生成树在很多实际问题中都有着应用背景，例如旅游路线选择问题、城市高速公路修建问题及最小成本问题等。构建一个赋权连通图的最小生成树，有两个著名的算法，一个是罗伯特·普林（Robert Clay Prim) 在1957年给出的； 另一个算法是约瑟夫·克鲁斯卡尔（Joseph Bernard Kruskal) 在1956年发现的。这两个算法都是通过添加还没有使用过的具有规定性质且权最小的边来进行的。利用最小生成树算法来解决现实生活中遇到的实际问题，是一件有趣而且也有意义的工作。","1. 掌握图论的基础知识，有一定的分析和解决问题的能力；
2. 能熟练使用Matlab数学软件编写程序。",邓芸萍,TRUE,信息与计算科学,2021/11/5
2022xj005,学生社团管理系统的设计与实现,FALSE,,,工程实践/应用型,"随着我国高等教育体制改革的深入，各个高校都组织了各种学生社团。学生社团是由学生自发组织在一起,实现大家的一致理想，并依据一定的制度来展开活动,不以盈利为目的的学生团体。学生社团是高等学校校园文化的重要载体，是高等学校第二课堂的重要组成部分，对浓厚校园文化氛围，丰富学生课余生活,促进学生全面发展起着非常重要的作用。参与学生社团活动也是学生丰富校园生活，培养兴趣爱好，扩大求知领域,增加交友范围，丰富内心世界的重要方式。随着高校社团数量与社员人数的不断增加,社团日常管理成为高校社团工作中一个较为突出的问题。比如,许多社团在管理过程中出现了社员信息统计不全、社团活动通知不畅等诸多问题。本课题希望开发一个学生社团管理系统，要求是一个较为完备、安全高效,方便大学生开展社团活动的管理系统，既有利于高校社团管理趋向规范化,又为学校开展社团活动提供了具有实践意义的信息化管理方法。",要求学生有Web数据库应用系统开发的基础或兴趣，并且具备主动学习探索的能力。,冯莉,TRUE,信息与计算科学,2021/11/5
2022xj006,网上订餐系统的设计与实现,FALSE,,,工程实践/应用型,"随着社会的发展,互联网已经成为人类生活的一部分。电子商务作为商业活动与互联网相结合的产物,也实现了高速增长。网上订餐系统作为电子商务的一种,越来越受到人们的欢迎。网上订餐为顾客提供了更有效、快捷的订餐服务,让顾客足不出户就可以享受美食。对比传统就餐方式,网上订餐拥有明显优势。首先,对商家而言,网上订餐不仅提供了更有效率的管理方式,也降低了他们的经营成本。其次,对顾客而言,网上订餐提高了订餐的效率,节约了就餐排队等待的时间,而且更加经济实惠。最后,网上订餐还为顾客和商家之间建立了一种新型的沟通渠道。",要求学生有Web数据库应用系统开发的基础或兴趣，并且具备主动学习探索的能力。,冯莉,TRUE,信息与计算科学,2021/11/5
2022xj007,过程化成绩管理系统的设计与实现,FALSE,,,工程实践/应用型,"过程化考核，是指在教学的全过程中，对学生的学习行为、学习习惯、学习态度、学习表现、学习积极性等情况进行全面而综合的考量，为了适应学校教育教学工作改革要求，充分调动学生的积极性，并实现对学生全方位、多元化的考核。在传统的教学模式下,学生学习效果和教师教学效果反馈较慢，过程化考核将考核分散到整个教学过程中,使得成绩评定更合理。本课题希望开发一个过程化成绩管理系统，使得教务人员和教师能够通过该平台快速、便捷的进行课程配置、考核方式配置、成绩导入、汇总计算、成绩分析等一系列工作；学生也能够通过该平台查询到相应课程的过程化成绩及最终成绩。",要求学生有Web数据库应用系统开发的基础或兴趣，并且具备主动学习探索的能力。,冯莉,TRUE,信息与计算科学,2021/11/5
2022xj055,False人机集群协同对抗问题研究,FALSE,,,基础型,"该选题源于2020年华为杯研究生数学建模竞赛D题。感兴趣的同学可以在网上搜一下。新一代人工智能技术和自主技术快速走向战场，将催生新型作战力量，颠覆传统战争模式，未来战争必将是智能化战争。False人机集群作战作为智能作战的重要形式，正在崭露头角。通过多架False人机协同侦察、协同探测、协同跟踪、协同攻击、协同拦截等，共同完成较复杂的作战任务。
现考虑红、蓝双方的False人机集群在平面区域内的协同对抗问题。蓝方作为进攻方，希望突破红方False人机的拦截，成功抵达目的地遂行军事行动；红方则希望在给定的区域内完成对蓝方False人机的拦截，阻止蓝方的突防。具体信息看原题目。
该选题主要针对False人机集群协同对抗中一些比较简单的问题进行分析和求解。",微分方程和控制论基础知识扎实，具有较强的编程能力。,吴泉军,TRUE,信息与计算科学,2021/11/5
2022xj001,二阶微分方程及其应用,FALSE,,,基础型,"首先研究二阶微分方程解的存在性和唯一性，以及解的图像，利用的方法是数学分析的知识以及相平面方法（分析导数和解的关系）；
其次，根据实际现象，给出数学模型（一般形如热传导方程），研究模型解的存在性、唯一性、解的极限状态，这些在生态学中有应用，比如可以反映种群的生存状态等。
最后，如果计算机比较好，可以用MATLAB简单画图，或者数值模拟；
论文的第一章：介绍二阶微分方程的来源和背景、介绍所建立的数学模型的发展历史；
第二章：分析三种类型的二阶微分方程解的存在性和形状；
第三章：研究方程解的间渐近形态，在生态学或者其他学科中的应用；
第四章：数值结果。",,蔡静静,TRUE,信息与计算科学,2021/11/5
2022xj040,奇异摄动系统事件驱动控制的设计,FALSE,,,基础型,"事件驱动控制与传统的固定周期控制不同,它是一种变周期的控制方式。此时，信号不再按照事先设计好的固定周期进行传输，而是依据于驱动条件成立与否来进行传输。而已有的工作大部分是针对正常系统进行研究的。关于非正则系统的研究较少，这是因为非正则系统与一般系统的性质不同，研究起来有难度。       
特别地，奇异摄动系统是一类重要的非正则系统，因其具有快慢两个子系统而备受关注。它在机器人仿生学或航天航空中大有用武之地。因快系统的存在，奇异摄动系统的事件驱动控制的研究还非常少。本毕业论文拟对奇异摄动系统的事件驱动控制进行研究，拟给出合理的驱动控制条件，实现控制目标。
",要求：熟悉微积分，线性代数，微分方程求解等。,王隔霞,TRUE,信息与计算科学,2021/11/5
2022xj041,一类超混沌系统的数学模型,FALSE,,,基础型,"1979 年，学者 O. E. R&#246;ssler首次发现了一个可以同时产生两个方向上双曲不稳定的混沌奇异吸引子的四维动力学系统，并将之命名为超混沌现象。 相较于常见的三维混沌系统，超混沌系统在实际应用中更能满足通信保密、图像加密、人工神经网络、 非线性电路等领域的需求。相较于低维混沌系统较为简单的动力学特性，超混沌系统具有更复杂的动力学特性, 现已成为混沌系 统中极具研究价值的一个方向。
本毕业设计针对一类三维 Lü 系统基础上进行修改得到的四维微分方程, 拟通过根据平衡点对应的雅可比矩阵计算出相应的特征值判定平衡点的稳定性，利用相空间容积率研究系统的耗散性等方法对系统进行了定性分析；并通过计算 Lyapunov 指数和维数等，对系统进行了数值仿真定量分析。
",要求：熟悉微积分，线性代数，微分方程求解等。,王隔霞,TRUE,信息与计算科学,2021/11/5
2022xj042,一致性原理在电力系统经济调度问题中的应用,FALSE,,,基础型,"在电力系统中，经济调度是最基础的问题之一，它是指在满足一系列的情况下，合理地使用设备、能源，在保证可靠安全地供电情况下成本最低，其中经典经济调度和现代经济调度是传统采用的解决经济调度用的两种集中优化方法，然而集中优化方法在电网的不断发展下问题日益凸显，而分布式优化算法能够解决集中优化方法不能解决的问题，所以研究分布式优化对电力系统经济调度有着重要意义。
本毕业论文拟通过一致性原理来研究分布式经济调度问题，将经济调度问题转化为智能体的一致性问题，依据智能体的一致性来实现分布式经济调度最优。事实上, 把发电单元的微增成本看成一致性变量，从而设计对发电机组与其它的分布式电源的分布优化算法的经济调度模型，进而实现分布式的经济调度。
",要求：熟悉微积分，线性代数，微分方程求解等。,王隔霞,TRUE,信息与计算科学,2021/11/5
2022xj038,基于模糊偏序关系法的高校学生干部绩效评价体系研究,FALSE,,,工程实践/应用型,如何对学生干部进行有效的日常管理成为一个值得研究的课题。高校学生干部是大学校园学生管理工作的中坚力量，高校学生干部管理是大学教育管理的重要基础；学生干部是大学生科学文化活动的组织者和参与者，也是大学生学习生活的示范者和引领者，学生干部的绩效水平直接关系到高校日常管理的效果与水平，因此，加强高校学生干部队伍建设具有重要的现实意义。为此，我们引入模糊偏序关系法，从上级考评，同级互评，下级评定，同学评定及学干自评5个方面，以工作态度，工作能力，工作乘积和学习生活为评价指标建立高校干部绩效评价体系模型， 为培养服务于创新型社会创新型人才提供参考。,,佟洁,TRUE,信息与计算科学,2021/11/5
2022xj039,基于模糊偏序关系法的大学生体质健康提升研究,FALSE,,,工程实践/应用型,青少年的体质健康问题已经成为全球各国关注的重要议题。近年来，我国政府对学生体质健康测试工作也愈发重视，出台一系列相关政策措施来加强青少年体质健康提升工作。大学生的身体健康状况不仅关系到一个国家的未来，还直接影响大学生成长成才。切实提升大学生体质健康水平是全面贯彻落实党的教育方针的重要举措，对增强学生体质，培养健康的社会主义合格建设者和可靠接班人有着深远的意义。为此，我们引入模糊偏序关系法，以力量素质，速度素质，耐力素质，柔韧素质，灵敏素质为指标建立评价体系模型，为提高体育教学质量，提升大学生体质健康提供参考。,,佟洁,TRUE,信息与计算科学,2021/11/5
2022wl030,复杂网络的度演化涨落特征,FALSE,,,基础型,"复杂系统中存在着各种涨落行为，例如Internet拓扑的演化、电力系统负载的波动、股票经济的震荡等等。这类涨落不是随机的，而是与系统的结构、功能运作及内部的关联性密切相关。如何通过对宏观涨落行为的研究揭示系统内部的动力学机制一直是复杂系统研究的重大课题。 
    一类最主要的涨落研究是Gibrat Law统计分析，主要通过研究变量增长率标准差与初始变量自身的关系来确定系统演化的性质。该方法在经济物理学、生态种群演化、粒子随机游走，传染扩散动力学等都有重要应用。这类涨落分析的价值在于系统很多内在隐藏的结构和关联是通过涨落特征表现的，因此对涨落产生机制的研究有助于我们认识实际复杂系统内部的组织结构和运行规律。在现有的理论里，Gibrat law涨落与系统内部的关联性密切相关，因此被用以表征系统内关联特征。是否还存在其他机制可以导致这一涨落行为尚不明确，我们的研究将主要寻求这种可能的机制，并尝试在实证中给出证据。
","1. 态度认真积极，如果是连论文格式都不会认真修改的，妄图做甩手掌柜的不要选我。
2. 要有充足的在校时间，并按时完成老师布置的任务
",钱江海,TRUE,应用物理学,2021/11/5
2022wl031,复杂网络节点凝聚的调控,FALSE,,,基础型,"复杂网络是利用统计物理方法研究交通、社会、经济、技术等各类网络系统一般演化规律的学科。其中一类特殊的演化模式是，网络在特定的情况下会自发演化成单一节点具有几乎所有连边的类星型网络，从而形成网络结构上的波色-爱因斯坦凝聚现象。这类现象映射到社会经济学中即暗示市场出现的垄断特征。因此理解凝聚现象出现的原因即可帮助我们理解垄断自发发生的条件和机制。 
复杂系统中对于凝聚现象的研究主要基于适应度模型。研究表明，当节点随机加入网络时，网络度的演化与波色-爱因斯坦凝聚存在对应关系，从而首次从理论上给出垄断结果的自组织形成机制。但是，如何有效的（特别是先验的）以最小的市场干预来预防垄断的发生依然是一个有待解决的重要课题。我们的研究目标就是期望设计出一种有效的策略实现对凝聚现象的调控，并进一步找出最优的调控策略。这将为管理市场，例如预防垄断发生提供理论指导，具有重要的学术意义和应用价值。
","1. 态度认真积极，如果是连论文格式都不会认真修改的，妄图做甩手掌柜的不要选我。
2. 要有充足的在校时间，并按时完成老师布置的任务
",钱江海,TRUE,应用物理学,2021/11/5
2022wl032,动态空间约束的网络结构演化,FALSE,,,基础型,"复杂网络是利用统计物理方法研究交通、社会、经济、技术等各类网络系统一般演化规律的学科。网路系统的结构对其功能有着重要影响，例如输运性质，稳定性质，传播性质等。因此，理解网络结构的演化规律及其背后的原理是我们预测系统结构形成的重要途径。其中一类节点嵌入空间几何的网络其结构与空间约束密切有关，诸如电力网络，交通网络，能源配送输运网络，Internet物理层网络等。

以往的研究表明了空间约束导致网络连边的趋近性，然而约束效应本身也可能随着时间发生改变，这种动态的约束效果对网络演化过程的影响尚不明确，我们研究的目标就是期望通过模型建立，一定程度确定动态空间约束对网络结构的具体效应。",1. 态度认真积极，如果是连论文格式都不会认真修改的，妄图做甩手掌柜的不要选我。 2. 要有充足的在校时间，并按时完成老师布置的任务,钱江海,TRUE,应用物理学,2021/11/5
2022xj011,面向碳中和的能源电力系统分析与运行,FALSE,,,工程实践/应用型,随着电网的发展，越来越多的可再生能源和新型负荷并入电网，如光伏、风电、电动汽车、储能系统等等。在“碳达峰、碳中和”背景下，以及智能电网下的电力市场发展，可再生能源和新型负荷将会发挥巨大的调峰和减排作用。本课题从社会效益和能源系统安全运行角度，分析碳中和背景下可再生能源的发电特性和并网需求，进一步探求复合某方利益或各方均衡利益的运行方案。在“碳达峰、碳中和”下，该课题对综合能源系统运行具有重要的现实意义和应用价值。,积极主动，能够愿意为完成课题任务而努力；对数学建模和编程实现有兴趣；其他建模和代码实现方面，指导教师可以给予适当的指导。,江兴稳,TRUE,信息与计算科学,2021/11/6
2022xj012,平抑可再生能源波动性的储能系统运行策略,FALSE,,,工程实践/应用型,随着可再生能源的发展，光伏、风电装机容量和发电电量越来越大，但光伏和风电具有极强的波动性。储能系统具有很好的条件作用，但一般情况下，电能还不能够实现大规模的储存。另外，储能系统本身的造价和运行成本也不低，在“碳达峰、碳中和”背景下，如何将有限的储能资源发挥巨大的调峰和减排作用，是本课题的研究对象。本课题从社会效益和能源系统安全运行角度，在分析可再生能源的发电特性基础上，探求平抑可再生能源波动性的储能系统运行策略，助力 “碳达峰、碳中和”目标，该课题对新型能源系统运行具有重要的现实意义和应用价值。,积极主动，能够愿意为完成课题任务而努力；对数学建模和编程实现有兴趣；其他建模和代码实现方面，指导教师可以给予适当的指导。,江兴稳,TRUE,信息与计算科学,2021/11/6
2022wl022,我国西部地区光伏发电的调查研究,FALSE,,,其它,"太阳能是一种清洁、安全，并且取之不尽用之不竭的可再生能源。太阳能的发展在我国能源战略中具有重要意义。
我国西部地区幅员辽阔，人烟稀少，太阳光辐射强烈，日照时间长，太阳能资源极其丰富。在我国西部地区大力发展太阳能产业，不仅对于解决我国能源问题具有重要意义，还可以促进当地经济发展，提高人们的生活水平，实现共同富裕。
本课题拟通过对我国西部地区当前太阳能光伏发电的调查研究，以期了解我国西部地区光伏发电的发展现状，并预测当地光伏发电的未来发展。",,李鹏飞,TRUE,应用物理学,2021/11/6
2022wl023,智能化光伏建筑一体化的设计,FALSE,,,其它,"与传统能源相比，光伏发电具有清洁False污染、安全性能高、使用寿命长，建设周期短等优点。目前，光伏发电在我国和世界上的应用越来越广泛。它已经渗透到我们生活的方方面面。其中，光伏建筑一体化是光伏发电应用的一个新的重要领域。
光伏建筑一体化技术是将光伏发电产品集成到建筑上的技术。这项技术的发展对于解决建筑、尤其是高层建筑的能源供应，降低城市的污染具有重要作用。
本课题拟将光伏建筑一体化技术和智能化技术相结合，提出一个优化的智能型光伏建筑一体化技术的设计方案。以降低建筑能源损耗，更合理的使用光伏发电的能源，给人们的城市生活创造一个相对清洁的环境。",,李鹏飞,TRUE,应用物理学,2021/11/6
,物理微视频的设计与录制,FALSE,,,基础型,"随着生活节奏的加快，媒体受众形成“碎片化”的接受模式，也越来越受教育者以及学习这的青睐。现阶段，微视频已经逐渐渗入学习的各个方面，并在学习中占有重要的地位。课题基于物理课程，进行微视频设计，主要的研究内容如下：
1、什么是微视频，它有哪些特征？如何制作微视频？常用的微视频制作工具以及方法。
2、现阶段各学科微视频制作的主要特点研究，并重点分析物理微视频的特点，分析信息传达的特征，如声音、图片，以及文字等各个方面。
3、以及学习者心理特征，选定1-2个知识点，进行微视频制作思路的设计，并利用微软听听文档，录制1-2个微视频。
4、总结",,高兰香,FALSE,应用物理学,2021/11/6
2022wl045,金属有机骨架化合物吸附有机污染物的研究,FALSE,,,基础型,金属有机多孔骨架化合物（MOFs)是一类由含氧、氮等的多齿有机配体(大多是芳香多羧酸) 与过渡金属离子自组装而成的多孔晶体材料。金属有机物骨架化合物具有制备灵活、骨架柔性、易裁剪性。通过选择功能性的金属中心离子和具有功能官能团的有机配体赋予目标金属-有机骨架化合物多功能的性质；还可以通过调变有机配体的大小来实现对孔道形状和尺寸的控制。因此，通过设计合成可获得特定性质的MOFs材料。目前金属有机骨架化合物已广泛用于催化、分子识别、手性拆分、气体吸附储存，污染物的吸附消除等方面。工业废水含有苯酚、糠醛及亚甲基蓝等有机污染物，开发研制有效绿色的废水污染物消除方法有着重要的意义。本研究主要研究几种金属有机骨架化合物对苯酚及糠醛的吸附行为，探讨吸附机制，为设计高效吸附剂提供理论指导。,FALSE,杨杰,TRUE,应用物理学,2021/11/6
2022xj027,微分中值定理的证明、应用与推广,TRUE,11801356,,基础型,"微分中值定理是微分学的核心定理之一。微分中值定理是研究函数性态和函数性质的重要工具，它有着明显的物理意义和几何意义。以拉氏中值定理(拉格朗日中值定理)为例，它表明“一个表示事物运动函数的曲线段，必定有一点的切线要平行于曲线段两个端点连接的弦。所以人们十分重视微分中值定理及其应用的研究。微分中值定理是大学数学中重要的定理之一，是微分教学的重要内容．教学难点是，证明过程中要构造一个合适的辅助函数，因此，辅助函数的构造就成为中值定理教学的关键。微分中值定理在日常生活中还有很多应用，这也是我们需要探讨的问题。
",数学分析知识扎实，自学能力强，能独立思考。,刘琼,TRUE,信息与计算科学,2021/11/6
2022xj028,关于False穷级数求和的研究,TRUE,11801356,,基础型,"近代微积分的酝酿，主要是在17世纪上半叶这半个世纪。这个时期标志着文艺复兴以来在资本主义生产力刺激下蓬勃发展的自然科学开始迈入综合与突破阶段，这种综合与突破所面临的数学困难，使微积分的基本问题空前的成为人们关注的焦点。在这个时间，几乎所有的数学大师都致力于相关问题的研究，特别是描述运动与变化的False限小算法，并在相当短时期内，取得了迅速的发展。在18世纪，微积分进一步深入发展并和广泛的应用紧密交织在一起。其中它的发展与False穷级数的研究密不可分。牛顿在他的流数理论中自由运用False穷级数，他凭籍二项式定理得到了许多函数的级数。泰勒级数则提供了将函数展成False穷级数的一般方法。在18世纪，各种初等函数的级数展开陆续得到，并在解析运算中代表函数成为微积分的有力工具。其中，雅各布．伯努利撰写了一系列False穷级数的论文，使他成为当时这一领域的权威。这一时期，一方面，微积分不断取得各种显著的成就，得到各种更强有力的应用；另一方面，在某些领域，数学家们由于滥用微积分而得到很多荒谬的结论。这种荒谬性突出的表现在False穷级数的使用上。这些悖论刺激了人们对False穷级数收敛性的思考。18世纪先后出现了一些级数收敛判别法则。
    本课题将对各类False穷级数的敛散性和求和进行深入探讨。",数学分析知识扎实，自学能力强，能独立思考。,刘琼,TRUE,信息与计算科学,2021/11/6
2022xj068,基于随机利率下寿险精算模型的讨论,FALSE,,,基础型,"利率对保险商业具有重要而显著的影响，特别是在人寿保险中，利率的影响更为显著。它是决定企业资金成本高低的主要因素，同时也是企业筹资、投资的决定性因素，对金融环境的研究必须注意利率现状及其变动趋势。所以，利率风险对保险公司的影响巨大，如果保险公司以假定的固定利率来计算的话，肯定会造成损失，随机利率下的寿险精算理论与方法研究成为了近年来研究的热点与重点。
论文在一般的利率模型基础上，进一步考虑了随机利率因素，对随机利率采用随机过程建模，得到了随机利率下即时给付的增额寿险的给付现值和各阶矩以及方差的计算，并在常见的四种死亡力假设（常见的死亡力假设有：De Moivir假设、Gompertz假设、Makeham假设和Weibull假设)下和利息力累积函数采用不同的随机过程建模等特定条件给出矩的简洁表达式。
",有一定利息理论的基础。,张申媛,TRUE,信息与计算科学,2021/11/6
2022xj018,傅里叶级数的应用探析,TRUE,61903244,国家自然科学基金青年项目,基础型,自傅立叶级数建立一百多年来，随着电力、电子、计算机技术的迅速发展，傅立叶变换及其分析方法不仅应用于电力、通信、雷达、声纳和控制等领域，而且还在力学、光学、量子物理和各种线性系统分析等领域中得到广泛的应用，尤其是现代控制技术、现代通信技术和数字信号处理技术的发展和应用都离不开傅立叶变换。傅里叶级数函数具有周期性，生成的图形本身就具有较强的节奏性和美感，再对傅里叶级数函数曲线进行一些变形、变体、组合、 排列处理，能创作出具有一定美感的图形，可用于包装设计等，实现了数学与艺术的结合。,"1、能够阅读中、外文文献，善于思考；
2、具备MATLAB基础；",李丽珍,TRUE,信息与计算科学,2021/11/6
2022wl001,量子纠缠态在量子代理签名中的应用,FALSE,,,基础型,听说过薛定谔家养的一只猫吗？它很可怜，它放在一个不透明的盒子里，然后把这个盒子连接到一个包含放射性原子核和有毒气体的实验装置。量子理论认为：如果没有揭开盖子，进行观察，我们永远也不知道猫是死是活，她将永远到处于半死不活的叠加态。这与我们的日常经验严重相违，要么死，要么活，怎么可能不死不活？这就是量子纠缠态。另一方面，由于特殊原因，原始签名人不能亲自进行签名，需要授权他的代理签名人代替他行使签名权，并生成有效签名，这就是代理签名。本课题将上述两者结合起来，探究量子代理签名方案。量子代理签名方案理论计算简单，具有委托随时取消性、防滥用性和不可伪造性等特点。,,曹海静,TRUE,应用物理学,2021/11/6
2022wl002,量子隐形传态方案的理论研究,FALSE,,,基础型,你和他人之间的交流是绝对安全保密的吗？经典通信False法保证，但量子通信却可以。量子隐形传态是量子通信中最简单的一种全新的通信方式，它传输的不再是经典信息而是量子态携带的量子信息。待传输的量子态如同经历了科幻小说中描写的“超时空传输”，在一个地方神秘地消失，不需要任何载体的携带，又在另一个地方神秘地出现。通俗来讲就是：将甲地的某一粒子的未知量子态在乙地的另一粒子上还原出来。本课题以量子力学初级知识为基础，建立量子隐形传态理论方案，并期待在国内外刊物上发表。量子通信拥有“绝不泄密”的本领，除了在保护通信安全的前提下，还有“反窃听”的功能，从而可以保证内容的绝密。,,曹海静,TRUE,应用物理学,2021/11/6
2022wl003,量子通信发展概述,FALSE,,,基础型,量子通信是量子信息学的一个重要分支，是量子信息中研究较早的领域。量子通信具有绝对保密、通信容量大、传输速度快等优点，可以完成经典通信所不能完成的特殊任务。量子通信可以用来构建False法破译的密钥系统，因此量子通信成为当今世界关注的科技前沿。量子通信是以量子态作为信息元实现对信息的有效传送。它是继电话和光通信之后通信史上的又一次革命。本课题主要论述量子通信的发展进程。同时期待学生对今后量子通信的发展做出自己的预期和展望。,,曹海静,TRUE,应用物理学,2021/11/6
2022wl004,论熵,FALSE,,,基础型,“熵”是什么呢？宏观上，体系的熵等于可逆过程吸收或耗散的热量除以它的绝对温度；微观上，熵是大量微观粒子的位置和速度的分布概率的函数，是描述系统中大量微观粒子的False序性的宏观参量。信息是知识量的一个度量标准，并不是知识本身。就像能量多少并不能告诉你事物的性质，位置，形式等等属性。信息也同样如此。熵是信息的一种，它可以帮助理解信息的基本物理性质。本题目在概念和数学表达上给出信息与熵的联系和区别，阐述信息熵是系统有序性的合适的量度。以热力学第二定律为出发点，拓展思维。宇宙万物的一切变化都在热力学的掌控之中，热力学第二定律是所有物理定律的基础，因为它界定了一切变化的方向，如生命本质和时间流向。,,曹海静,TRUE,应用物理学,2021/11/6
2022wl005,混沌与分形理论研究,FALSE,,,基础型,混沌是指现实世界中存自相似性混沌的背后拥有精细的结构，这种精细的结构具有自相似性，为分形。复杂的事物都由简单的开始，一颗大树分解后就是一个个树杈，股市分解后就是一涨一跌，大道至间。分形理论与混沌理论同属非线性理论，是从不同角度同时表达的对动态复杂系统的研究。本课题集中混沌学和分形学的研究，探究两者的相同点和不同点，同时期待学生在论文中融入自己的哲学思维，加入自己的思政元素，从而加深对此课题的理解。,,曹海静,TRUE,应用物理学,2021/11/6
2022xj043,图的最短路问题及其应用,FALSE,,,工程实践/应用型,最近几十年来，图论随着计算机技术的发展得到了广泛和深刻的研究，图论的理论也日益丰富和完善。图论在运筹学、理论计算机、通信网络、社会网络与化学等学科有着广泛的应用。图论中包括染色问题、连通问题、匹配问题、最短路问题等重要问题。选址问题研究是如何选定一个或多个设施的地理位置使得所考虑的目标达到最优的问题，在生产生活、物流、甚至军事中都有着广泛的应用，如工厂、仓库、急救中心、消防站、垃圾处理中心、物流中心、导弹仓库的选址等。本文研究的图是指每条边带有权重的赋权图。最短路问题是寻找图中两个顶点之间权重之和最小的一条路。本文主要介绍图的最短路问题及其在选址问题与城市公交线路优化中的应用。,,王海超,TRUE,信息与计算科学,2021/11/6
2022wl033,高温气冷堆物理特性分析,FALSE,,,基础型,高温气冷堆不仅能发电，还可以用于石油，化工以及炼钢等领域，它提供的高温热能可代替煤炭等燃料发热，通过热电联供的方式，它产生的热能可以应用到海水淡化、集中供热、稠油热采等领域，理论上这种反应堆技术提升后将来可形成出口温度高达1000℃的清洁热源，可以应用到煤的气化液化与热化学制氢领域，还可为氢能源时代的到来助一把力，所以这是一种在很多领域都具有革新意义的先进技术，其开发前景十分广阔。高温气冷核反应堆发电是效率和安全性极高的第四代核电技术，本论主要研究高温气冷堆核能热量转换和冷却过程的物理特性。,,王淮生,TRUE,应用物理学,2021/11/6
2022xj060,模糊流动性约束下的投资组合模型,FALSE,,,工程实践/应用型,"在传统的证券投资组合研究领域里，Markoiwtz 首次提出的证券投资组合决策理论:均值一方差模型。以及后来众多学者提出的证券投资组合决策方法。
   为了使模型具有较好的一般性，希望在模糊不确定的环境下，运用模糊数学和最优化原理来研究投资组合选择问题，为投资决策分析建立一种新的方法，这在理论和实践中都具有非常重要和深远的意义。
   运用模糊集理论和最优化原理来研究证券投资组合选择问题，具有重要的理论与应用价值，也是金融界目前研究的热点问题。
",,薛文娟,TRUE,信息与计算科学,2021/11/6
2022xj061,企业动态自由现金流的折现模型,FALSE,,,工程实践/应用型,"在传统的财务分析系统下，普遍关注某个财务指标或者比率系数False法单独衡量企业价值，而在投资组合理论下， 仅采用收盘价作为参数衡量一个企业（股票）的价格又显的技术性过强，False法客观衡量一个企业的价值。
    本课题试图以较为客观的历史财务报表， 摒弃其中可能存在的利润陷阱（如通过赊销增加应收账款等）， 仅以历年自由现金流为考察参数， 根据其变动， 运用数学插值法以及对其发展趋势的一些判断，模拟其未来一定时间的可能变化， 而后根据企业的性质选择合适的折现率估算出企业在当前时期的合理价值，可作为企业收购的价格，亦可根据股本数量计算其每股合理价格。 通过客观的财会报表信息以及数学模拟的方式为企业估算合理的价值。",,薛文娟,TRUE,信息与计算科学,2021/11/6
2022xj062,基于均值-方差模型的商品期货投资组合最优选取的实证分析,FALSE,,,工程实践/应用型,"近几年来，我国期货市场在高标准、稳起步的原则下正处于一个新的高速发展通道。截至2009年7月底，我国期货市场共有21个品种上市交易，商品期货成交量已占全球三分之一，成为仅次于美国的全球第二大商品期货市场和第一大农产品期货市场。但相比与证券投资，期货属于后起的“晚生小辈”， 对于其的投资组合理论研究少之又少。
    随着期货市场的发展，商品期货的投资属性越来越强。本文通过利用马克维茨证券投资组合模型中经典的均值-方差的分析方法对商品期货投资组合实例作出最优选取，并在组合中品种数量变化的关系和风险收益变化的关系作出定量和定性的分析。
",,薛文娟,TRUE,信息与计算科学,2021/11/6
2022xj009,几个广义Van der Waerden数的精确值,FALSE,,,基础型,图论是一门应用十分广泛而又极其有趣的新兴数学分支，是组合数学的一个重要组成部分。近几十年来由于电子计算机的广泛应用，图论作为一门提供其模型的应用数学学科也得到了迅速的发展。在图论的极图领域中，van der Waerden问题是一个比较有趣的问题。它的理论表述非常简单，只是一个等差数列的问题，但是由于应用了抽屉原理，造成了它奇大的上界。至今，其精确值得到甚少。本课题目的是利用计算机编程语言（C语言），避开抽屉原理，对几个广义Van der Waerden数和圆周上的Van der Waerden数做出比较好的估计。,C语言编程,胡妍,TRUE,信息与计算科学,2021/11/6
2022xj010,凸体几何中的不等式问题研究,FALSE,,,基础型,"凸几何分析是上世纪初形成到上世纪末蓬勃发展起来的一门现代几何学科，至上世纪60年代，凸几何分析已成为现代数学的一个重要研究领域。本课题主要以凸几何分析中的经典不等式为重点研究内容，例如：Holder不等式，Brunn-Minkowski不等式，Minkowski不等式等等，运用基本的分析方法，研究不等式的度量问题和极值问题，同时注意把基础理论和相关领域相结合，在计算机，计算机图形学，密码学等领域中，解决与数学相关的实际问题。（有一定的理论分析能力）

",,胡妍,TRUE,信息与计算科学,2021/11/6
2022xj072,电磁耦合激励下燃气轮机转子轴承系统的非线性动力学建模,TRUE,12172210(国家自然科学基金),,工程实践/应用型,燃气轮机作为快速调节能源的装置，具有调节能力强，启停灵活迅速，已被广泛应用于综合能源系统，分布式多能互补能源系统等低碳电网系统中，联动新能源发电。燃气轮机是以连续流动的气体为工质带动叶轮高速旋转，将燃料的能量转变为有用功的内燃式动力机械，是一种旋转叶轮式热力发动机。转子轴承系统是燃气轮机中的高速运转的核心部件，它往往要在高转速、高温、高压、强磁场等恶劣条件下工作，其受力情况复杂。针对此问题，本课题要求建立电磁耦合激励下燃气轮机转子轴承系统的非线性动力学模型，为进行燃气转子轴承系统的分析提供一个理论依据。,有较强的动力和编程能力，具备一定的设计和CAE分析基础，掌握一门数据分析软件（如Matlab、Python、ANSYS等）。,朱瑞,TRUE,信息与计算科学,2021/11/6
2022xj073,电磁耦合场作用下燃气轮机转子轴承系统的动力学分析,TRUE,12172210(国家自然科学基金),,工程实践/应用型,"
燃气轮机作为快速调节能源的装置，具有调节能力强，启停灵活迅速，已被广泛应用于综合能源系统，分布式多能互补能源系统等低碳电网系统中，联动新能源发电。燃气轮机是以连续流动的气体为工质带动叶轮高速旋转，将燃料的能量转变为有用功的内燃式动力机械，是一种旋转叶轮式热力发动机。转子轴承系统是燃气轮机中的高速运转的核心部件，它往往要在高转速、高温、高压、强磁场等恶劣条件下工作，其受力情况复杂。针对此问题，本课题要求开展电磁耦合场作用下燃气轮机转子轴承系统的动力学分析，为进行燃气转子轴承系统的分析提供一个理论依据。",有较强的动力和编程能力，具备一定的设计和CAE分析基础，掌握一门数据分析软件（如Matlab、Python、ANSYS等）。,朱瑞,TRUE,信息与计算科学,2021/11/6
2022wl039,乡村屋顶光伏发电系统开发探索,FALSE,,,基础型,"相比于密集的城市建筑群，乡村具有广阔的屋顶面积可用于光伏发电系统的开发和利用，具有巨大的发展潜力。
在广大农村地区，当地农民增收来源有限，房屋基本用来自住，为了节省电费一般用电量较少少，因此生活水平偏低。如果可以在自家闲置的屋顶安装光伏发电系统，既不影响日常生活，还能发电自用节省电费，同时有多余的电输送给电网还可以赚钱。那么不但能推进农村生活的电气化与现代化，也能让人民群众获得感、幸福感、安全感更加充实、更有保障、更可持续，实现乡村振兴、共同富裕的目标。
本课题即是为该目标做可行性分析，通过政策查询、电站设计、效益测算、方案推荐，建设期的设备采购、电费补贴，电站并网等方面进行设计与可行性分析。
",,徐燕,TRUE,应用物理学,2021/11/6
2022wl040,储能技术的进展与发展趋势,FALSE,,,基础型,"众所周知，新能源发展的瓶颈在于储能技术。加快推进储能技术与产业发展，对于构建“清洁低碳、安全高效”的现代能源产业体系具有重要的战略意义。
   我国储能呈现多元化发展的良好态势：抽水蓄能发展迅速，锂离子电池储能技术成熟度飞速提高，压缩空气储能、飞轮储能、超导储能和超级电容、钠硫电池、液流电池、铅蓄电池等储能技术研发应用加速，储氢、储热、储冷技术也取得了一定进展。
   本课题综合比较这些储能技术的特点与发展现状，选出更适合用于光伏发电系统的储能方式，以推进光伏发电系统的开发和利用。
",,徐燕,TRUE,应用物理学,2021/11/6
2022xj046,两种数学模型对新冠疫情预测研究,FALSE,,,工程实践/应用型,为了预测新冠肺炎疫情变化趋势并探究其背后的深层原因，本课题采用Malthus模型和Logistic模型对全球新冠肺炎确诊人数建立预测模型，通过实际数值进行拟合预测分析，比较分析结果，得到有效结论，可用于新冠肺炎感染确诊人数的初期预测，对目前防疫具有借鉴意义。Malthus模型和Logistic模型是英国经济学家马尔萨斯和荷兰生物学家Verhulst提出来的。通过对这两种模型的化简，可以得到多项式函数。因此如何确定多项式函数，使其与给定点值在某种标准下充分接近就是我们需要解决的问题。,,王军平,TRUE,信息与计算科学,2021/11/6
2022wl041,光伏发电功率预测模型研究,FALSE,,,基础型,"由于光伏发电受到太阳辐照强度、大气温度、云量等多种气象因素的影响，功率输出具有明显的间歇性和不确定性，这将会给电网的运行和调度带来不安全的影响。因此光伏功率的预测在维护电力的供需平衡、改善电力系统的安全稳定性方面显得尤为重要。
而对于光伏功率的预测，依据不同的特征数据研究人员建立了多种模型，有的模型受电站数据来源的限制,未能充分利用多元环境序列的有效信息。有的数据模型随着输入变量的增多,会导致模型收敛速度减慢，同时欠缺对光伏功率随时间变化这一特性的考量，限制了预测精度的提升。同时随着机器学习的深入研究，模型的建立越来约精细化。本文将探索何种模型可以更加准确的预测光伏发电系统的功率。
",,徐燕,TRUE,应用物理学,2021/11/6
2022wl006,锌空电池的制备及特性研究,FALSE,,,工程实践/应用型,为了推动锌空气电池的发展，需要从电池结构，空气电极结构和新型高效的催化剂等多方面入手。本课题从锌空气电池结构的优化开始，到新型双功能催化剂的制备，再在此基础上对比优化出新型空气电极结构，通过一步步的优化，使得制备出的空气电极在成本和性能两方面同时满足发展要求，致力于制备一种性能优良可稳定工作的锌空气电池。同时，通过锌空气电池的整体制备，一定程度上探究发现锌空气电池性能受多方面影响，此研究为锌空气电池的大规模应用提供了一个研发思路。,,陈东生,TRUE,应用物理学,2021/11/6
2022wl007,超级电容的制备及特性研究,FALSE,,,基础型,二元过渡金属氧化物作为超级电容器活性物质存在以下问题：（1）循环稳定性差。过渡金属氧化物在参与电极反应时材料会发生一定的体积变化，内部产生较大的内应力，长期循环内应力的反复变化导致材料粉化，失去电化学活性，容量快速衰减；（2）倍率性能不佳。相比于 NiO、MnO2、Co3O4和 MoO3等单金属氧化物，二元过渡金属氧化物的禁带宽度已经明显减小，电子导电率有了一定的提高，但是仍不能满足锂离子电池和超级电容器的要求，尤其是在高倍率充放电时难以快速传输电子参与电极反应，致使电极极化加大，实际容量比理论值低很多。针对以上问题，本研究希望采用纳米化、复合化等思路对典型的二元过渡金属氧化物 进行掺杂处理，并研究掺杂对材料微结构和电化学储能性能的影响。,,陈东生,TRUE,应用物理学,2021/11/6
2022wl008,PVsyst软件在光伏电站设计中的应用研究,FALSE,,,基础型,"光伏系统发电量计算是光伏系统进行设计与优化的重要依据。传统的光伏系统发电量公式计算方法存在诸多问题。针对这些问题，分析了采用 PVsyst 软件进行计算的可行性，并提出了通过 PVsyst 软件进行计算的解决方法。
PVsyst 是光伏系统设计的专业软件，包括了广泛的气象数据库、光伏系统组件数据库，以及一般的太阳能工具等。基于项目的不同进展阶段，PVsyst 提供了多种水平上的光伏系统研究工具，可满足不同设计阶段的设计需要。",,陈东生,TRUE,应用物理学,2021/11/6
2022xj047,系统动力学在新冠疫情研究中的应用,FALSE,,,工程实践/应用型,从新冠肺炎爆发以来，全球各地均受到各种不同的影响，导致各种财产损失和上亿条生命牺牲的代价。考虑新冠病毒的传播特点，基于系统动力学建立一种数学模型，利用去年我国和美国的疫情数据，运用该模型拟合分析并比较我国和美国的疫情状况，同时预测疫情下一阶段的发展趋势。实证部分使用去年的数据求解模型的参数，通过时间序列预测模型得出下一阶段的数据结果。根据实证分析和比较两国的结果，总结出较好的疫情防控措施和建议，具有十分重要的实践意义。,,王军平,TRUE,信息与计算科学,2021/11/7
2022xj048,帐篷映射的数字特征,FALSE,,,工程实践/应用型,"本文通过帐篷映射的一些数字特征进行讨论，从它的各种状态出发，证明帐篷映射是一个蕴含着混沌的复杂系统。
混沌具有三要素：对初值的极端敏感性、遍历性、不可预测性。Lyapunov指数是描述函数混沌特性的一个重要数字特征。如何利用matlab程序去计算混沌映射的Lyapunov指数，这是其中的一个主要内容。
另外，讨论帐篷师映射中的一些混沌特性：通过对帐篷映射其他的一些数字特征进行计算，分别讨论帐篷映射的数学期望、方差、协方差以及相关系数的关系。

",,王军平,TRUE,信息与计算科学,2021/11/7
2022xj049,分形几何在游戏设计中的应用,FALSE,,,基础型,随着计算机技术的发展，分形几何成了计算机图形学的一个分支，它以分形几何学为数学基础构造自相似的几何结构，借助于计算机图形学的支持模拟山脉、河流、地貌、云彩、植物等，产生人力所False法绘制的绚丽图形，达到对自然景物的逼真模拟。自然场景的模拟在工程设计，如道路桥梁设计、城市规划、多媒体电影以及电子游戏中越来越受到重视。游戏是在现实世界的基础上进行虚拟重构。游戏中的元素设计要来源于现实，同时又要自己的独特创新。分形几何具有这样的优势。本课题就是要利用Matlab的功能实现各种分形几何图形，作为游戏中场景元素，用各种数学基础图形，不断自相似的图形生成，达到真实世界在游戏中再现。,,王军平,TRUE,信息与计算科学,2021/11/7
2022wl034,光学反射在可见光通讯中的应用特性分析,FALSE,,,基础型,"可见光通讯(Visible Light Communications)是一种False线通讯技术，是利用荧光灯或发光二极管(LED)等物体发出的明暗闪烁信号来实现信息传输的通信技术，可见光的频率介于400 THz(波长780 nm)至800 THz(波长375 nm)之间。它最大的特色是可以结合固态照明技术。可见光通讯可以应用于光照上网、可见光点播电视业务、可见光新型False线广播、可见光精确定位等领域。False线电波在水下的传播距离非常有限，导致其几乎False法运用到水下环境，而LED闪光信号灯已经被日本学者证实可以在水下30m范围内传输信号。该项技术将会对潜水艇和海底观测站的通信起到重要作用。利用光的反射可以形成LED和电子设备间相互通讯。本论文将研究光学反射在可见光通讯中的应用的特性分析。
",,王淮生,TRUE,应用物理学,2021/11/7
2022wl035,光学干涉和衍射在光学图像加密中的应用特性分析,FALSE,,,基础型,"随着互联网和各种信息传递技术的广泛应用,信息在通信和存储中的安全性已成为当今的研究热点。光学图像加密技术是一种新型图像加密技术,光学信息处理系统本身可以整体互联,能够在加密的情况下,保证光学信息能够对大量数据进行高速并行处理。同时,基于光学的信息加密技术具有非常多的自由度可供选择,例如光的振幅、相位、偏振、波长、距离和角动量等都可以作为加密参数。光的干涉和衍射是波动光学的基本内容。当两束光满足电场强度方向相同频率相同并且相位差不变在空间相遇时会发生干涉，当光在传播过程中遇到小的障碍时会发生衍射现像。本论文将研究将干涉和衍射结合起来去分析它们在光学图像加密中的应用。",,王淮生,TRUE,应用物理学,2021/11/7
2022xj063,几种约束优化问题的对偶理论研究,TRUE,H2019-107,,基础型,现实世界中的很多实际问题都可以抽象成为一个带约束的最优化问题，比如运筹学中学习过的线性规划就是一种约束优化问题。每个约束优化问题都有相应的对偶问题，相比原问题，对偶问题总是凸的，其最优值给出了原问题最优值（极小化问题）的一个下界。有些约束优化问题难以直接求解，但是它的对偶问题可能比较容易求解。尤其是当原问题的约束个数比决策变量维数小的多时，对偶问题的决策变量维数会比原问题的小，从而可以在相对较小的决策空间中求解，因此对于对偶问题的研究非常必要。本课题研究如何写出几种约束优化问题的对偶问题，相比大三时学习线性规划对偶问题的死记硬背，我们给出一种通用的方法，对于任意的一个约束优化问题，都能很容易的写出其对偶问题。,要求学生数学基础好，对理论研究有兴趣。,于洪霞,TRUE,信息与计算科学,2021/11/7
2022wl046,基于霍尔效应的霍尔传感器测转速,FALSE,,,基础型,"基于霍尔效应的霍尔传感器具有应用简单、耐高温、成本低、结构牢固、体积小、重量轻、寿命长、安装方便、功耗小、频率高等优势，可以替代各类机械开关、电容接近传感器和电感式传感器等。 

霍尔传感器主要应用在汽车、消费类电子和工业方面，包括医疗健康、航空航天和生物制药等在内的其它行业也有霍尔传感器的身影。

我们工作是将所学霍尔效应理论应用到实际，掌握霍尔传感器测速原理并利用霍尔传感器测量转速。
",熟悉c语言，动手能力强。,张杰,TRUE,应用物理学,2021/11/7
2022xj069,期权定价的数值计算方法研究,FALSE,,,基础型,"期权是买卖双方的一个合约，给予合约买方以约定的价格（行使价或执行价）向合约卖方购买或卖出合约指定的标的资产的权利。期权按照行权方式主要分为欧式期权和美式期权，其中美式期权的买方可于期权到期前行权，而欧式期权买方只能于期权到期时行权。 Black-Scholes模型最早是由Fischer Black和Myron Scholes在1973提出，发表在论文The Pricing of Options and Corporate Liabilities中。此后，该模型为金融市场以市价价格变动的金融衍生品提供了合理的定价基础。
    本文主要应用蒙特卡洛、二叉树等方法研究期权定价模型的数值计算问题，并对结果进行讨论分析。",要求学生熟练掌握数值计算方法,张霞,TRUE,信息与计算科学,2021/11/7
2022wl024,多晶硅光伏电池生产过程的能量消耗计算及分析,FALSE,,,工程实践/应用型,"人类社会伴随着生物质能、风能、太阳能、水能、化石能、核能等的开发和利用，逐步从原始社会的农业文明走向现代化的工业文明。能源与经济以至价值观实行大变革的结果，可能将为逐步迈向生态文明走出一条新路，即摒弃20世纪及以前的传统增长模式，直接应用新世纪的创新技术与创新机制，通过低碳经济模式与低碳生活方式，实现社会可持续发展。
   多晶硅光伏电池从最前端的硅材料，到生产多晶硅的原料，到铸锭、切片，生产电池，生产组件，到建立电站；这一系列的产业过程都要消耗能量。本课题从每个生产环节碳计算（统计），以期找到比较准确的节能数据。",具有良好的物理和数学基础,刘世建,TRUE,应用物理学,2021/11/7
,户用型光伏并网逆变器的优化和仿真,FALSE,,,工程实践/应用型,本课题主要探讨户用型并网光伏逆变器，从户用型并网光伏逆变器的拓扑结构，最大功率点跟踪，孤岛保护和控制算法等理论基础上，1、在系统拓扑结构选择上，通过对各种类型并网逆变器拓扑的比较，综合考虑系统效率和EMC等因素，选用合适结构作为并网光伏逆变器的主拓扑结构；2、在硬件电路的实际设计中，使得系统硬件更加简洁可靠；3、在前级输入部分，在了解光伏电池基本特性和MPPT算法的基础上，提出改进系统的最大功率点跟踪；4、在调制方法的选择上，选择最为合适的调制方式；5、在输出控制部分；采用合适的控制策略；6、针对并网逆变器的孤岛保护问题，设计良好的孤岛保护能力。,具有良好的物理和电路知识,刘世建,FALSE,应用物理学,2021/11/7
2022xj002,癫痫的建模与治疗,FALSE,,,基础型,"大脑的动力学分岔与分析，通过DBS深度脑刺激治疗。人工智能（Artificial Intelligence），英文缩写为AI。它是研究、开发用于模拟、延伸和扩展人的智能的理论、方法、技术及应用系统的一门新的技术科学。人工智能是计算机科学的一个分支，它企图了解智能的实质，并生产出一种新的能以人类智能相似的方式做出反应。人工智能作为新一轮科技革命和产业变革的重要驱动力量,正在对经济发展、社会进步等诸多方面产生重大影响。2020年人工智能产业保持平稳增长,根据IDC测算,全球人工智能产业规模为1565亿美元。",,柴元,TRUE,信息与计算科学,2021/11/7
2022xj023,矩阵分析在False限射频识别防伪机制中的应用,FALSE,,,基础型,"False线射频识别RFID 技术是一种标准化的技术，其优点是单一识别、False线通信和标签成本低，为其提供了决定性的实际利益，从而推动概念和应用的新发展。False线射频识别RFID具有免于接触、自动识别等优点，但是从信息安全的角度来看，其自身的特性决定其具有缺陷。 False线射频识别在防伪机制上的应用起步不久，许多企业开始使用这项技术时，如果不能解决其安全性，可能未获其益反受其害。 因此，如何提升False线射频识别的隐密性和安全性会对该技术的普及产生较大影响。
以往的防伪机制主要是通过在电子标签和读取器之间使用椭圆曲线数字签名算法进行认证，以防止伪造的标签及非法的读取器。利用矩阵分析的知识，设计出更好的算法，改进RFID技术的防伪机制，提升安全性。


要求学生要很好的数学功底、较强的推理能力和算法设计能力及英文文献阅读能力。
",要求学生要很好的数学功底、较强的推理能力和算法设计能力及英文文献阅读能力。,刘爱兰,TRUE,信息与计算科学,2021/11/7
2022xj015,基于变分法的最优控制问题的研究,FALSE,,,工程实践/应用型,随着最优控制在航天事业的快速发展，最优控制已经涉及很多的领域。例如，在机床加工中要求加工成本最低为最优；在导弹飞行控制中要求燃料消耗最少为最优；在截击问题中要求时间最短为最优。最优控制的目的是使系统的某种性能指标通过控制达到过程最优化，从而实现结果最佳的一种综合策略。即对于一个可控制的动力学系统或运动学过程，设计最佳的控制策略，选取一条最合适的运动轨线，使系统的运动在由某个初始状态转运动到指定的目标状态时，其性能指标值为最优，这个性能指标值可以称为泛函。用于解决最优控制问题的最成功的办法之一就是古典变分法，它适用于控制量取值范围不受任何限制或为开集，且各个泛函对其自变量有充分的可微性的泛函极值问题。,要求学生认真负责，积极与指导老师沟通。,李丽花,TRUE,信息与计算科学,2021/11/7
2022xj016,基于共轭梯度法的最优控制问题的研究,FALSE,,,基础型,"近年来，由于对系统控制质量的要求越来越高及计算机在控制领域的应用越来越
广泛，最优控制系统受到很大重视。例如，在机床加工中要求加工成本最低为最优；在导弹飞行控制中要求燃料消耗最少为最优；在截击问题中要求时间最短为最优。最优控制的目的是使系统的某种性能指标达到最佳，也就是说，利用控制作用可按照人们的愿望选择一条达到目标的最佳途径（即最优轨线）。 最优控制问题是条件极值问题，称为动态优化问题。最优控制的数值方法在最优控制理论中有十分重要的地位。数值方法中最古老的一种梯度法，但梯度法只是求得了局部的最优解，而且越接近极值点，目标函数的收敛越慢，需要迭代多步才能得到最终答案，所以人们历年来致力于寻找更完美的方法，共轭梯度法便由此产生。共轭梯度法是介于牛顿法和最速下降法之间的一种方法，它是梯度法的一种，所以共轭梯度法也是一种迭代算法，通过迭代一步一步找到最终的结果。
",要求学生认真负责，积极与指导老师沟通。,李丽花,TRUE,信息与计算科学,2021/11/7
2022xj017,基于控制变量参数化的最优控制问题的研究,FALSE,,,工程实践/应用型,近年来，由于对系统控制质量的要求越来越高及计算机在控制领域的应用越来越广泛，最优控制系统受到很大重视。例如，在机床加工中要求加工成本最低为最优；在导弹飞行控制中要求燃料消耗最少为最优；在截击问题中要求时间最短为最优。最优控制的目的是使系统的某种性能指标达到最佳，也就是说，利用控制作用可按照人们的愿望选择一条达到目标的最佳途径（即最优轨线）。 最优控制问题是条件极值问题，称为动态优化问题。当前最优控制问题有多种求解方法，在众多求解中，具有最高人气的是将控制变量参数化的方法。这一方法具有求解精度高、离散化后非线性规划问题规模较小等优点，并且使得解题过程更加准确有效。,要求学生认真负责，积极与指导老师沟通。,李丽花,TRUE,信息与计算科学,2021/11/7
2022wl042,运用matlab分析机械振动,FALSE,,,基础型,振动在我们的生活中False处不在，小到组成物质的原子，大至星球也都在振动。本文研究力学机械振动，同时有许多文章研究振动。例如：利用MATLAB中的Simulink软件包对机械振动仿真，利用MATLAB的M文件来研究受迫振动实验。本文研究的是利用MATLAB研究阻尼振动(验证阻尼振动中的弱阻尼、过阻尼、临界阻尼的振动的位移-时间的关系)和受迫振动(受迫振动的振幅与频率和哪些因素有关)，受迫振动的振幅与外力频率的关系。本文验证振幅与质量及刚度的关系，用MATLABL做出其关系图-让我们很清楚的看到质量越大-刚度系数越小时振幅越小。,用过且熟悉matlab绘图,许丹华,TRUE,应用物理学,2021/11/7
2022wl052,基于摩擦纳米发电机的风能收集装置,TRUE,TP2017076,,基础型,风能作为一种大自然馈赠的重要机械能，在气候变暖和能源危机的全球性危机下，已经被广泛认识到是一种重要的可再生绿色能源。将风能转换为电能的传统方法是基于电磁感应的原理和涡轮机结构，然而高昂的设备成本、巨大的体积、在低风速下驱动运转较难等缺点限制了该技术的广泛应用。摩擦纳米发电机（TENG）具有低成本、易于制作、柔性、可规模化等优点，可以有效地收集环境中的低频风能。作为一个小型化、模块化和高效的风能收集解决方案，摩擦纳米发电机可以为电子器件供电以及实现自驱动系统。,该课题可锻炼学生查阅及阅读总结文献的能力，了解一般科学研究的流程，实验有趣，可增强学生的动手实践能力，非常有意义,郑莉,TRUE,应用物理学,2021/11/7
2022wl053,自驱动空气净化器,TRUE,TP2017076）,,基础型,我国大气细颗粒物污染严重，大部分人口在起居生活中被迫直面颗粒污染物的威胁，而自然通风是我国房屋住宅的主要通风形式，因此室外细颗粒物的严重超标会导致室内颗粒污染的发生。随着大气污染和能源危机越来越严重，寻找低成本、可再生、绿色环保的空气清洁方法的研究成为最紧迫的挑战。在北京，2000-2014年，PM10的年平均浓度从未低于100μg/cm&sup3;，呼吸道疾病等严重的健康问题被认为与长期接触污染空气有关，呼吸道疾病、肺癌和心肺疾病的死亡数逐渐上升。基于摩擦起电及静电感应的摩擦纳米发电机（TENG）作为一种新型能源，其自身的高电压低电流特性在空气净化领域有着非常广泛的应用。并且TENG制作成本低、结构简单、占用空间小的特点，为解决城市空气污染提高人们的生活质量，提供了一种廉价有效的方法。,该课题可锻炼学生查阅及阅读总结文献的能力，了解一般科学研究的流程，实验有趣，可增强学生的动手实践能力，非常有意义,郑莉,TRUE,应用物理学,2021/11/7
,柔性可穿戴人体运动传感器,TRUE,TP2017076,,基础型,在人体中，器官和组织执行不同的功能以维持身体的生命并进行正常活动。它们的物理特性可以反映在各种生理信号中，这些信号包含大量用于疾病诊断的医学信息。通过及时监测这些生理信号，可以获得与人体健康状况密切相关的医学信息，这对于早期预防疾病，使患者康复，保持健康状况具有重要意义。现有的许多柔性传感器相较于临床医学应用的仪器来说，虽可能灵敏度相对于后者较低，但却胜在便于随身携带，方便测量。然而传统柔性传感器大多需要安装电池以维持其正常运行，这些电源通常尺寸大，重量重且使用寿命有限。为了增加电池容量以满足功率需求，不可避免地要进一步增加其尺寸和重量，从而使整个传感器缺乏便携性。为了解决这一难题，基于纳米发电机的自驱动柔性传感器应运而生。很多基于纳米发电机的自驱动柔性传感器被相继报道。基于压电纳米发电机的柔性传感器，有着灵敏度高的优点，但在可拉伸性上尚有欠缺且输出较低。而基于摩擦纳米发电机的柔性传感器，输出较压电更高。此课题拟基于摩擦纳米发电机开展应用于人体运动监测的自驱动柔性传感器的研究。,该课题可锻炼学生查阅及阅读总结文献的能力，了解一般科学研究的流程，了解前沿科学，有意义也有趣，可增强学生的动手实践能力,郑莉,FALSE,应用物理学,2021/11/7
2022wl043,基于MATLAB的迈克尔逊干涉仪模拟研究,FALSE,,,基础型,迈克尔逊干涉仪是一种利用分振幅法实现干涉的精密光学仪器．自 1881 年问世以来，迈克尔逊曾用它完成了三个著名的实验：否定 “ 以太 ” 的迈克尔逊 — 莫雷实验；光谱精细结构和利用光波波长标定长度单位．迈克尔逊干涉仪结构简单、光路直观、精度高，其调整和使用具有典型性．根据迈克尔逊干涉仪的基本原理发展的各种精密仪器已广泛应用于生产和科研领域。迈克耳孙干涉仪在史上最著名的应用就是它在迈克耳孙-莫雷实验中对以太风观测中所得到的零结果，这为狭义相对论的基本假设提供了实验依据。除此之外，由于激光干涉仪能够非常精确地测量干涉中的光程差，在当今的引力波探测中迈克尔逊干涉仪以及其他种类的干涉仪都得到了相当广泛的应用。激光干涉引力波天文台（LIGO）等诸多地面激光干涉引力波探测器的基本原理就是通过迈克耳孙干涉仪来测量由引力波引起的激光的光程变化，而在计划中的激光干涉空间天线（LISA）中，应用迈克耳孙干涉仪原理的基本构想也已经被提出。迈克耳孙干涉仪还被应用于寻找太阳系外行星的探测中，虽然在这种探测中马赫-曾特干涉仪的应用更加广泛。迈克耳孙干涉仪还在延迟干涉仪，即光学差分相移键控解调器（Optical DPSK）的制造中有所应用，这种解调器可以在波分复用网络中将相位调制转换成振幅调制。 　　概括来说应当有如下几点：1. 微小位移量和微振动的测量；2. 角度测量；3.薄透明体的厚度及折射率的同时测量；4.气体浓度的测量；5.引力波探测(超大型迈克尔逊干涉仪),,许丹华,TRUE,应用物理学,2021/11/7
,基于摩擦纳米发电机的自驱动传感器,TRUE,TP2017076,,基础型,"在机械触发下，摩擦纳米发电机(TENG)可以用一系列参数来表征，包括运动距离、速度、加速度和角度等。对于一个机械系统，如何准确监测系统的运动参数是极为重要的。在机械触发下，摩擦纳米发电机可以False需外加电源而产生电信号，基于这个原理可以设计不同结构的TENG，用来从不同形式的机械运动中采集能量，如线性滑动和转动。由于发电机的输出信号频率、幅度以及总周期数都与机械运动的参数直接相关，因此TENG可以作为自驱动运动传感器来应用。即使运动物体的所在位置很隐蔽，也可以用TENG来追踪物体的实时运动轨迹，并检测相关的参数。其中，开路电压可以用来进行静态测量，而短路电流可以用来进行动态测量。

",该课题可锻炼学生查阅及阅读总结文献的能力，了解一般科学研究的流程，可增强学生的动手实践能力,郑莉,FALSE,应用物理学,2021/11/7
2022wl015,固体材料中的缺陷及其应用,FALSE,,,基础型,固体物理学研究的大都是完美晶体，从完美晶体中总结出规律进而扩展到常见的材料。实际的现实生活中原子结合成晶体后即便形成单晶结构里面仍含有一定量的缺陷，且False论多完美的晶体，缺陷均不可避免，即缺陷在固体材料中不仅常见而且是一种必然的存在。很多生活中常见的漂亮的宝石都是因为缺陷造成的，人工制备的晶体需要依靠人为的掺杂才能得到我们需要的特性。缺陷False处不在。但缺陷又有它的重要用途，比如我们在半导体材料中进行掺杂，可以得到各种不同特性半导体材料，比如常见的有N型半导体，P型半导体，半导体光电材料，半导体激光器，半导体发光二极管材料等等。本课题讨论研究晶体缺陷对材料性能的影响，希望同学对材料中存在的缺陷种类，以及材料中引入缺陷的应用有一定的了解。,有一定的固体物理基础，对固体材料的制备及特性有兴趣。,胡海宁,TRUE,应用物理学,2021/11/7
2022wl009,不可逆转的浮沉子,FALSE,,,基础型,不可逆转的浮沉子项目来源于2021年青年物理学家竞赛试题。不可逆的浮沉子，是指处在液体中的物体在特殊条件下形成的一种非常有趣的物理现象，其原理已经有了广泛的应用。本项目拟对浮沉子自身参数如浮沉子的质量、横截面积、长度、底面形状以及液体密度、液面高度这些因素对浮沉子运动的影响进行定量的实验研究，并从漂浮、悬浮、达到不可逆现象的平衡位置三个方面对浮沉子的运动进行理论分析，为进一步深入理解不可逆的浮沉子的运动提供实验与理论依据。,要求参加过2021年物理学术竞赛的同学,高兰香,TRUE,应用物理学,2021/11/7
2022xj008,层次分析法在大学生出国留学择校中的应用,FALSE,,,基础型,"现在越来越多家长选择送自己的孩子出国留学，也有很多大学生在上完四年大学本科之后，也想出国读研或者读博士，给自己以后的就业背景加上一些特色。但是国外各个学校对招生的要求不一样，录取学生的条件不一样。很多家长和学生会在选择学校的时候乱撒网，这样会在时间上和投资成本上浪费不少。
    本课题主要利用层次分析法，选择国外几个学校，对他们的招生条件进行具体分析，尝试找到他们对招收学员的考核条件的主要凭据。",要求学生对出国留学的程序非常熟悉，对国外大学的招生条件熟知。,冯丽萍,TRUE,信息与计算科学,2021/11/7
2022xj070,贝叶斯定理的应用与启示,FALSE,,,工程实践/应用型,"贝叶斯定理导出已经发生的事件以某特定方式可能出现的概率，并为决定根本原因提供了有力工具。虽然贝叶斯保护定理产生的前提是古典概率，但由于在观察前面事件上的主观性，所以一直是有争论的。然而，由于该定理在数学上的有效性是绝对没有问题的，在该定理中可以利用经验数据或专家判断，均可提供实际的结果。
贝叶斯定理已广泛应用于医药、科学、工程技术和制造工艺、 经济、 政治和军事战略。恰当的使用贝叶斯定理可以大大地提高决策的质量；特别是在推导出已知结果的根本原因或估算备选方法的相关风险情况下，可以大大提高决策的质量。贝叶斯定理使用先验概率和后验概率来计算因果假设，其结果在数学上是精确的，与经验数据是调合的；有疑问的仅仅在于对将要发生的事件赋予先验概率的主观性。
    本项研究目的是通过案例研究以及模拟计算总结贝叶斯定理对于决策推断的启示。

要求学生会简单的编程。
",欢迎同学选择该题目，希望选择该题目的同学能认真地静下心来看书和读文献，认真思考。选择该题目的同学请和我联系：13371896218,朱凤林,TRUE,信息与计算科学,2021/11/7
2022xj071,中心极限定理的形象化模拟及其解读,FALSE,,,工程实践/应用型,"统计量的分布和中心极限定理在统计学中发挥着重要作用。统计量是关于样本的函数，它是通过对样本包含的总体信息进行加工提取出来的，利用统计量可以进行有关总体信息的推断。但利用统计量进行统计推断需要知道总体分布状况，当总体参数未知时，统计推断会变得困难。中心极限定理则表明，当抽样次数趋于False穷时，不管总体的分布状态如何，只要总体均值已知、方差有限，样本均值的分布几乎总能确定。
统计量的分布及中心极限定理主要依赖于参数的设定，利用统计软件对统计量和中心极限定理进行随机模拟可直观展示各类分布的图形、参数对分布的影响，并检验理论参数值和实际参数值是否一致，这种方法能有效帮助人们理解、掌握相关统计知识。

要求学生会简单的编程。
",欢迎同学选择该题目，希望选择该题目的同学能认真地静下心来看书和读文献，认真思考。选择该题目的同学请和我联系：13371896218,朱凤林,TRUE,信息与计算科学,2021/11/7
,利用智能手机进行探究性物理实验,FALSE,,,基础型,"随着技术的发展, 一些精巧的传感器开始被搭载于智能手机上, 这些传感器主要有加速度传感器、声传感器、光传感器、霍尔传感器 (测磁感强度) 及角速度传感器 (陀螺仪) 等.同时, 随着生活水平的提高和通信的需要, 智能手机近年来也已经逐渐在学生群体中普及.这种普及率极高且功能强大的设备引起了部分物理教育者的注意. 自2012年起, 在国外一些学者的大力推动下, 利用智能手机传感器进行的实验已被越来越多的物理教育者所关注和研究, 同时physicstoolbox、SPARKvue、Sensor Kinetics、Phyphox等各类传感器手机应用app也相继被研发出来.国内的相关研究虽然起步稍晚, 但也有了部分研究成果。     
    大部分学校和学生都并不配备传统的传感器设备，但几乎每个学生(尤其是在大学)都有智能手机，而且两者的实验效果并False太大差距．因此，学生们可以利用智能手机对身边的世界进行探索，并迸发出灵感，从而真正地实现“全民科学 (citizen science)”的理念。   
    本课题中，先对于智能手机传感器进行了解，知道传感器的种类并且下载和了解相关的APP，对于智能手机传感器在物理实验中的应用起源和发展进行研究总结。并且设计实验，对于已经验证过的理论进行验证。设计对比实验，探究利用智能手机传感器进行物理实验的优点和缺点，并加以总结。最后，对于结果进行分析和思考，得出相应的结论，撰写论文。",,王莹,FALSE,应用物理学,2021/11/7
,基于LabVIEW的大学物理虚拟实验教学系统,FALSE,,,基础型,"《大学物理实验》这门学科在大学中是一门重要的基础学科，其对于大学生有着培养科学素养、创新思维，提高动手能力等重要作用。然而传统大学物理实验依旧有着许多弊端，抽象的物理概念难以通过简单的物理实验阐述。
    本研究通过实验虚实结合的方式，以LabVIEW为虚拟实作为“虚”，并以两个简单的实验作为“实”构建了一种新的教学模式。通过对国内外虚拟实验的研究现状进行调研，我们对一些具体的虚拟实验案例进行分析，决定以《声速测量》为案例将虚拟实验与具体实验结合的方式，详细讲解了LabVIEW的使用方法、关键技术以及实验的设计过程。最后对以LabVIEW和具体实验为载体的虚实结合的教学模式进行分析，评估其在教学中的使用价值，该方法对于学生从实验中理解物理概念有着实用价值。",,王莹,FALSE,应用物理学,2021/11/7
2022wl036,基于 Tracker 软件的物理实验过程可视化研究,FALSE,,,基础型,"本文利用视频分析软件Tracker研究平抛运动与气垫导轨上弹簧振子的运动轨迹，与传统研究方法比较，体现出Tracker软件可视化，直观化与误差小的优点。通过运用视频分析Tracker软件对原有的大学物理实验中的用落球法测量液体的粘滞系数的改良，展示出Tracker软件在大学物理实验中的实用性。最后使用Tracker软件用于对足球比赛中足球的运动轨迹的研究，体现出视频分析软件Tracker的泛用性。
   视频分析软件Tracker将在我们的大学物理实验中产生重要的作用，对一些传统实验方法的补充与改良可以让我们的实验结果更加直观。Tracker软件使用门槛很低，用它来帮助我们进行大学物理实验可以有效的提升效率，减小误差，使得实验过程更加的直观与可视化。",,王莹,TRUE,应用物理学,2021/11/7
2022wl037,利用mathmatic 软件进行物理建模,FALSE,,,基础型,"在当今信息科技时代,利用各种编程软件进行仿真教学已成为一种趋势.Mathematica编程软件能把物理学的基本原理,物理现象,重要公式的推导,物理实验等有机的结合起来,从而改变教师讲授,板书,演示为主的课堂教学模式,也能更好的帮助学生理解实验和掌握物理知识和规律.
   针对大学物理中许多问题的解决涉及复杂的数学计算以及从所得结果不能得到直观的物理图像等问题,将Mathematica软件引入大学物理教学,讨论其在力学,电磁学和光学等课程中的应用,发现Mathematica在快速解决相关物理问题以及加深对物理规律的理解方面具有False比的优越性.",,王莹,TRUE,应用物理学,2021/11/7
2022xj029,基于非线性灰色模型的用电量需求预测,FALSE,,,基础型,"作为一种相对比较成熟的预测方法，传统的灰色预测模型和灰色Verhulst模型具有所需样本少，建模过程简单、非线性和普适性强等优点，在经济、股票指数、天气、入学率等预测方面得到了广泛的应用。但不可避免的是，灰色对初值依赖性过强,预测精度不够高。为了提高预测的精度，我们分析影响用电量需求预测的主要因素，建立改进的灰色预测模型并对参数进行优化和修正，进行近似求解，并通过数值算例将预测结果进行比较分析，以期为用电量预测、优化配置资源提供借鉴。",FALSE,刘晓娟,TRUE,信息与计算科学,2021/11/7
2022xj030,基于灰色多目标规划模型的电力负荷预测,FALSE,,,基础型,提高电力负荷预测的精准性，能够推动电力系统的发展，是当今电力领域研究的热点之一。传统的电力负荷预测模型，存在预测精度低，误差大等缺点。为了提高预测的精度，我们企图通过采取分析电力负荷自身的特征，以及影响电力负荷预测的主要因素等，利用数学规划方法，特别是多目标规划方法结合灰色等数学方法理论，结合计算机编写小程序，对电力负荷进行比较精准的预测。最后，通过一个具体的实例，对上述发预测方法和模型进行比较、优化和改进。,,刘晓娟,TRUE,信息与计算科学,2021/11/7
2022wl038,非线性驻波场的实现及其稳定性研究,FALSE,,,基础型,"本文探究影响非线性驻波声场稳定性的因素,引入反映声场束缚能力的物理量——势阱深度,直观形象地反映了声场稳定性,将提高声场稳定性的问题转化为提高声场中最大声压振幅的问题,并进一步,将理论应用于非线性驻波场的声悬浮装置,探究其发射面与反射面之间距离与声场最大声压振幅的关系.理论上得到了声场稳定性显著提高时发射面与反射面之间的距离,并实验检验了其合理性.最后,基于对物体在声悬浮装置中稳定性的实现,制作出了可以对悬浮物进行显微观察的声悬浮显微镜.",,王莹,TRUE,应用物理学,2021/11/7
,电磁学知识中类比方法的运用,FALSE,,,基础型,"类比方法就是通过两类具有相同或相似特征的现象间的对比，从一类现象的某些已知特征去推测另一类现象的相应特征的推理过程。类比法是一种直接的对应思维方法，具有迅速、简捷的特点。
    纵观电磁学史，不难发现电磁学是沿着力学的道路，在热学的暗示下实现了理论的成熟。主要原因是电磁现象的抽象性决定了其研究方法的间接性，而间接性必然要从相对成熟学科中借鉴既成的理论成果和构架，类比法的运用也就成为必然。电磁学是物理学中非常重要的分支，在电磁学里包含大量抽象概念和公式定理，而且涉及很多矢量和微积分运算，学生在理解电磁问题时总感到似懂非懂，分析问题False从下手，认为电磁学太难学。
    本课题的目的是通过对电磁学与已有的力学、热现象的对比，对电磁学理论进行深入分析，来体会这个理论的优美之处。
",,蒋秀丽,FALSE,应用物理学,2021/11/7
2022wl019,光纤芯模的模式特征,FALSE,,,基础型,根据光纤中的传输模式数量分类，光纤可分为单模光纤和多模光纤。在光纤的受光角内，以某一角度射入光纤端面，并能在光纤的纤芯-包层交界面上产生全反射的传播光线，就可称之为光的一个传输模式。当光纤纤芯直径很小时，光纤只允许与光纤轴方向一致的光线通过，即只允许通过一个基模，这种只允许传输一个基模的光纤就称为单模光纤；光纤纤芯的直径较大时，光纤的受光角内，可允许光波以多个特定的角度射入并在光纤中传播，就形成光纤中的多个模式，这种能传输多个模式的光纤称为多模光纤，在光纤的输出端可以看到光强度分布的不同花样，每种不同的光强分布代表光纤所传输的一种模式。本课题通过解析求解光纤芯模模式，并利用有限元软件仿真各个光纤模式的光强分布，掌握光纤模式的特征，了解不同模式的应用。,,蒋秀丽,TRUE,应用物理学,2021/11/7
2022wl017,振动频率的研究,FALSE,,,工程实践/应用型,"在建筑、机电系统等大量工程领域中，振动影响了系统的任务性能、效率和运行、甚至危害到人类健康。因此，我们要分析振动的原因，探讨系统振动的相应特征，从而达到控制振动的目的。本课题基于FD-VR-C型受迫振动与共振实验仪对受迫振动展开研究。课题大致可从以下几个部分展开：
1.引言：通过调研阐述振动研究的意义
2.第一章：阐述产生振动的原因，分析各因素对振动的影响，并从理论上得出受迫振动中共振现象的规律
3.第二章：基于实验仪利用共振现象测定音叉的振动频率，并分析采集数据的方法
4.第三章：基于实验仪探讨质量对振动频率的影响
5.第四章：基于实验仪分析质量块位置对振动频率的影响，不对称质量块对振动频率的影响。
6.第五章：有害振动的控制。选一个实例，理论上分析并给出控制振动的方案，如风力发电中的振动、变压器中的振动、磁共振成像仪中的振动，柏油马路上汽车的振动等
7.总结
","具有文献资料查阅、信息收集整理的能力；
具有一定的自学、探索能力，且有足够时间开展实验。",贾彩丽,TRUE,应用物理学,2021/11/7
2022xj064,我国居民生活方式的统计分析,FALSE,,,工程实践/应用型,"随着经济的发展，信息社会的来临，False论是城市还是农村居民，人民的生活方式较以往都放生了很大的变化。同一地区不同年代衣食住行，不同地区同一年代都有差异。但由于现在信息与交通的发达，不同的地区差异在有些项目上不像以往明显。本课题希望通过从时间和区域两个维度对比同一地区在不同年份和不同地区同一年份居民在生活方式上的差异，从而找出地区之间差异的原因，为地区的发展提供一定的参考。
本课题需要学生根据课题要求查找数据，对数据用主成分，因子，聚类等多元统计分析的方法进行统计分析，建立数学模型，并对模型进行分析解释。",要求学生主动性强，有较好的沟通能力，认真,于娜,TRUE,信息与计算科学,2021/11/7
2022wl020,费马原理的应用,FALSE,,,基础型,"关于光的传播路径，1665年，法国科学家费马给出了光传播路径所遵循的普遍规律，称为费马原理。表述为：光从一点传播到另一点将循着这样的路径，其光程同附近的路径比起来，不是最大，便是最小，或者相同。或者说光从一点到另一点，实际的光程总是一个极值。利用费马原理可以解释光的反射与折射、彩虹角等光传输现象。
    蚂蚁也懂费马原理，研究人员把食物放置在离蚁巢一定距离的位置，蚁巢与食物中间要经过光滑和粗糙的两个区域，火蚁在两个区域行进的速度不同。大家发现火蚁搬运食物的路径并不是一条直线，而是有一个弯折，正如同光在两个介质空间中发生的折射，最初蚂蚁的路径是随意的，但最终会逐渐收敛到这条最快路径。使蚂蚁能够以最短时间往返于巢穴和食物之间。与光所遵循的费马原理类似。费马原理的本质是极值问题，在经济学领域、力学领域等都有类似应用。本课题就来探究费马原理的在各领域的普遍规律。
",,蒋秀丽,TRUE,应用物理学,2021/11/7
2022wl012,金属氧化物CdO的制备及其磁性研究,FALSE,,,基础型,"氧化镉（CdO）是一种常见的光学器件材料，常用于镉电镀液、制镉电极、光电管、γ射线照相、陶瓷釉彩颜料、冶金工业的合金制造以及用作制镉盐和镉试剂的原料、催化剂等。
氧化镉（CdO）具有广泛的用途，在False机工业中用于制取各种镉盐，有机合成中用于制造催北剂，电镀工业用于配置镀铜的电镀液，电池工业用于制造蓄电池的电极，颜料工业用于制造镉颜料，应用于油漆、玻璃、搪瓷和陶器釉药中，冶金工业用于制造各种合金如硬钢合金、印刷合金等。
本工作利用电解液化学反应制备氧化镉（CdO）粉末样品，并对其磁性进行测量与表征。",应用物理学专业大学四年级学生,高湉,TRUE,应用物理学,2021/11/7
2022wl010,刚体运动的三维可视化模拟,FALSE,,,基础型,"刚体的运动较为复杂，初学者难以掌握其运动的特征。因此，通过计算机软件将其运动可视化，可以帮助学习者深入了解其运动。从最初采用Matlab进行计算机数值模拟，到现阶段采用VPython利用简单的代码模拟物体在三维空间的运动，可以用来实时观测物体的速度变化以及运动轨迹。本课题研究刚体运动的三维可视化模拟，具体内容如下：
1、计算机模拟的主要软件以及在物理中的应用成果，重点分析可视化的研究成果：
2、介绍Python软件，其功能，并重点介绍Vpython。
3、刚体运动的基本理论，以及采用Vpython进行数值模拟。主要模拟定轴转动和平面运动。
4、总结。
",,高兰香,TRUE,应用物理学,2021/11/7
2022wl013,Mn2FeAl合金的制备与磁性研究,FALSE,,,基础型,"X2YZ型哈斯勒合金是由多种不同电子结构的金属元素组合而成，具有丰富的物理内容。
这类材料由于具有局限的d 电子以及非局限的s或p电子，且电子之间存在强大的混成轨域效应，因此多具有复杂的能带结构，从而展现出非常丰富而多样性的物理现象。
研究这类合金中d-电子、f-电子的运动规律及其相互关联有助于深入理解强关联体系的磁性和输运行为、磁电耦合机制等当代前沿领域课题，因而具有重要的学术价值。
本工作利用高真空电弧熔炼炉制备Mn2FeAl合金样品，并对其磁性进行表征。",应用物理学专业大学四年级学生,高湉,TRUE,应用物理学,2021/11/7
2022xj032,最短路问题在送餐范围划分中的应用,FALSE,,,工程实践/应用型,点外卖很方便， 等外卖很煎熬。随着外卖服务越来越受到消费者的青睐，外卖订单量随之与日俱增。为了保证餐品的新鲜，缩短送餐时间尤为重要。一般商家会有生意和许多其他事务需要处理，   没有太多时间和外卖客户沟通， 商家能够自雇的送餐员是有限的，   一旦出现爆单现象， 送餐False法保证。  那么如何缩短送餐时间、 提高送餐效率成了商家和顾客共同关注的问题。  针对某区的交通网络和外卖门店分布情况查找相关数据，建立有向图，  使用最短路算法解决了外卖门店送餐范围的划分问题,熟悉最短路的几种算法,宋政芳,TRUE,信息与计算科学,2021/11/7
2022xj033,以交通线路选择为例的交通网络最短路问题研究,FALSE,,,工程实践/应用型,随着城市化发展越来越快，道路交通系统也越发拥堵和复杂。以交通线路选择为例对城市道路网进行最短路分析，可以很方便地将结论推广到城市道路网络中，进一步解决我们日常对实际交通的需求。对城市道路进行最短路分析，首先必须将现实中的城市道路按结点和弧的关系转化为网络图，然后进行相关的最短路分析。在交通网络中，最短路分析一般是指找到起点与终点之间出行时间最短或出行费用最少的路线。以学生为例，公交出行仍是大部分人出行的首要选择。通过最短路问题研究，不但能够减少不必要的城市公交资源浪费，同时也极大节省了人们的出行费用。通过以交通线路选择为例对交通网络最短路问题进行研究，从而得到在交通网络费用最少的最短路线，算例仿真结果证实这种最短路问题在城市交通中能起到积极作用,熟悉最短路的几种算法,宋政芳,TRUE,信息与计算科学,2021/11/7
2022wl011,半波损失的理论解释及数值模拟,FALSE,,,基础型,"半波损失是波动中一个非常重要物理现象和物理概念。在一般的教材中对这部分的讨论不够详细，不利于学习者的理解和掌握。本课题半波损失现象进行理论解释，并进行数值模拟。主要的研究内容如下：
1、机械波在反射时，有可能存在半波损失，分析存在半波损失的条件，以及现阶段对于半波损失的研究成果；
2、从反射波波函数入手，对半波损失现象进行理论解释。也可以从电磁波理论进行解释。
3、对半波损失现象进行数值模拟，并分析模拟结果。
4、总结",,高兰香,TRUE,应用物理学,2021/11/7
2022wl055,基于镍铁层状双金属氢氧化物的电催化分解水研究,TRUE,51402186,,基础型,"当今世界，能源转型、碳达峰、碳中和已成热门话题，今年中国绿色氢能发展大会上，作出庄严承诺，力争2030年前实现碳达峰，2060年前实现碳中和。氢能作为实现脱碳的重要解决方案，在实现这一美好愿景中发挥着重要作用。为了解决能源消耗的快速增长和相关的环境问题，大量的努力集中在开发可持续和清洁的能源来替代化石燃料。氢作为替代品，具有清洁、环保和可再生等优点。
镍铁层状双氢氧化物(NiFe LDH) 被称为阴离子层状材料，其由混合金属氢氧化物的阳离子层和层间区域&nbsp;中的电荷平衡阴离子构成。由于具有柔性结构和化学多功能性，这些二维 (2D) 材料在磁性、传感器、催化和电化学领域越来越受到关注。NiFe LDH催化剂材料已被证明是高效的析氧（OER）电催化剂，由于固有的高活性和大表面积。",熟悉半导体材料的相关知识，具备一定动手能力,周桃,TRUE,应用物理学,2021/11/7
2022wl056,铁系过渡金属磷化物的分解水制氢研究,TRUE,51402186,,基础型,"氢气具有极高的能量密度与能量转换密度，是一种优异的清洁能源。水分解制氢是一种绿色False污染的制氢方法，由于清洁、安全性高以及制备过程相对简单被广泛关注。虽然电解水制氢有悠久的历史，但还是需要改进材料技术来提高效率。
  目前贵金属材料被广泛用作电解水制氢的催化剂，然而成本以及材料稀缺阻碍了大规模的应用。过渡金属磷化物(TMP)表现出了优异的析氢析氧性能，并且具有丰富的物相与独特的物理化学特性(如导电性、导热性等)而备受关注。有研究证明P原子作为质子载体能够加速质子(H)的吸附和重组动力学，从而提高HER性能，使得磷化物成为可以替代Pt基催化剂最有前途的一种HER电催化剂。",具备一定分析问题和解决问题能力,周桃,TRUE,应用物理学,2021/11/7
2022xj065,贝叶斯理论的发展及其应用探讨,FALSE,,,工程实践/应用型,"贝叶斯公式是求一个“逆概率”问题的数学公式，而现实生活中的问题，大部分都是“逆概率”问题。生活中绝大多数决策面临的信息都是不全的，我们手中只有有限的信息。既然False法得到全面的信息，我们就在信息有限的情况下，尽可能做出一个好的预测。如生命科学家用贝叶斯定理研究基因是如何被控制的；教育学家突然意识到，学生的学习过程其实就是贝叶斯法则的运用；基金经理用贝叶斯法则找到投资策略；Google用贝叶斯定理改进搜索功能，帮助用户过滤垃圾邮件；False人驾驶汽车接收车顶传感器收集到的路况和交通数据，运用贝叶斯定理更新从地图上获得 的信息；人工智能、机器翻译中大量用到贝叶斯定理。贝叶斯定理席卷了概率论，并将应用延伸到各个问题领域。可以说，所有需要作出概率预测的地方都可以见到贝叶斯定理的影子，特别地，贝叶斯是机器学习的核心方法之一。
本课题要求学生彻底掌握贝叶斯公式的实质，会用贝叶斯公式分析解决一些你概率问题，做贝叶斯判定。学习贝叶斯公式在大数据，人工智能方面的应用，会解决一些基本问题。",要求学生自学能力强，能够积极与老师沟通，有良好的时间观，能够及时完成老师布置的论文工作。,于娜,TRUE,信息与计算科学,2021/11/7
2022wl057,铜铟镓硒高效太阳能电池的设计研究,TRUE,51402186,,基础型,"在能源形势和生态环境的不断恶化的21世纪，改变传统的能源使用结构，开发和利用新的洁净、可再生能源已成为未来人类社会可持续发展的关键。太阳能电池正是从太阳获取洁净能源的主要途径之一。近年来薄膜太阳能电池因省材、低功耗、便于大面积生产，且能够使用塑料、金属箔等柔性基底，而具有柔软便携等特点，因此，可广泛应用于电子消费品、军事、野外供电等领域，受到了科学界和产业界的极大关注。
  在各种薄膜型太阳能电池中，铜铟镓硒这种直接带隙半导体材料具有较大的吸光系数、可调节的带隙、稳定性高、低毒等优势,非常适合作为薄膜太阳能电池的光吸收层材料 。因此，本课题以铜铟镓硒薄膜太阳能电池为例，研究电池各参数对电池性能的影响，期望提高电池的效率。","1. 熟悉太阳能电池的工作原理
2. 能进行文献收索和信息整理
3. 能进行计算机仿真软件简单计算和分析。",周桃,TRUE,应用物理学,2021/11/7
2022wl058,Fe-Se催化剂的制备及其电化学性能研究,TRUE,51402186,,基础型,随着环境污染的加剧和能源需求的增大，寻求绿色可替代能源对人类可持续发展至关重要。电催化水分解发展成熟、高效、清洁False污染且获得产物纯度高，是最具有潜力的能够大规模发展的技术。然而，水分解过程涉及复杂的电子和离子转移，导致动力学迟缓，效率低下，需要高效、稳定的催化剂。Fe-Se化合物由于独特的物理和化学性质，是最具潜力替代 Ru和Ir 系贵金属的分解水催化剂，但其制备方法大多以水热法（高温、高压）、电沉积（络合剂）和模板法（模板）为主。本课题鉴于化学浴生长法的设备简单、易操作、环保、效率高等优势，探讨Fe-Se催化剂的生长机制并研究其相应电化学性能，为高效、稳定、廉价的电催化分解水催化剂的制备与生产提供科学依据。,熟悉新能源的基本原理，并具备一定分析问题和解决问题能力。,周桃,TRUE,应用物理学,2021/11/7
2022wl025,双管 Buck-Boost 变换器的优化和仿真,FALSE,,,工程实践/应用型,"通过改变两个开关管的占空比或调整它们的开通时刻位置，而改变两开关管同时开通或同时关断的时间，可以减小电感的电流脉动量。在电压传输比不变的情况下，电感电流脉动量在同步控制方式下的脉动量是最大的，因此需要探讨该变换器的非同步控制方式。现有文献中提出的如交错控制方式、双沿调制模式，均属于为减小电感电流脉动量而优化得到两开关管调制方式，只是这两种模式依然是两个开关管高频工作，变换器开关损耗False明显改善。受二极管反向恢复问题的影响，双管 buck-boost 变换器难以在双管高频工作模式下获得较高的效率，特别是在 高电压应用场合，VD1、VD2会使反向恢复问题很严重，变换器的开关损耗和二极管反向恢复损耗将成为其总损耗的主要组成部分。在非同步控制方式中，还可以设置变换器的工作方式为开关管 S2占空比 D2=0 而开关管 S1高频工作完成降压，或者开关管 S1占空比 D1=0 而开关管 S2高频工作完成升压，此时变换器的工作方式被称为单管高频控制方式，升压时变换器等效为 boost 电路，降压时等效为 buck电路。这种调制方式能够有效地降低开关损耗，但 boost 或 buck 模式工作的变换器，在闭环控制上有差别，在电压 Ui=Uo 附近工作时，存在两个模式来回切换的不稳定状态，需要为变换器设置复杂的模式切换控制策略，即一些文献中提出的多模式控制方式。
为此，本课题选择为该变换器加入缓冲电路，提出采用耦合电感的双管 Buck-Boost 变换
器。一方面利用耦合电感降低开关损耗，另一方面寻求合适的控制策略以适应升降压模式过渡的平滑控制要求。",具有很好的模电知识和电路仿真能力。,刘世建,TRUE,应用物理学,2021/11/7
2022xj066,一类二次规划问题的求解,FALSE,,,基础型,"二次规划是非线性规划中的一类特殊数学规划问题，在很多方面都有应用，如投资组合、约束最小二乘问题的求解、序列二次规划在非线性优化问题中应用等。在过去的几十年里，二次规划已经成为运筹学、经济数学、管理科学、系统分析和组合优化科学的基本方法。已经出现了很多求解二次规划问题的算法，如拉格朗日方法、Lemke方法、内点法、有效集法、椭球算法等等，并且仍有很多学者在从事这方面的研究工作。对于给定的二次规划问题，

本文用用有效集方法和Lagrange方法、序列二次规划法等进行求解, 比较所得结果的精确度和计算效率。并考虑新高效求解算法来求解该二次规划问题.",,张开军,TRUE,信息与计算科学,2021/11/7
2022wl021,短周期光纤光栅传输谱分析与传感应用,FALSE,,,基础型,"光纤布拉格光栅是通过全息干涉法或者相位掩膜法来将一小段光敏感的光纤暴露在一个光强周期分布的光波下面。这样光纤的光折射率就会根据其被照射的光波强度而永久改变。这种方法造成的折射率的周期性变化就叫做光纤布拉格光栅。当一束广谱的光束被传播到光纤布拉格光栅的时候，光折射率被改变以后的每一小段光纤就只会反射一种特定波长的光波，这个波长称为布拉格波长，而其它波长的光波都会被传播。
  由于光栅光纤具有体积小、熔接损耗小、全兼容于光纤、能埋入智能材料等优点，并且其谐振波长对温度、应变、折射率、浓度等外界环境的变化比较敏感，因此在传感领域得到了广泛的应用。本课题要求对布拉格光纤光栅的反射谱进行仿真，并分析其在温度传感中的应用。
",,蒋秀丽,TRUE,应用物理学,2021/11/7
2022xj067,聚类分析在数据中的应用,FALSE,,,基础型,"对数据进行从机器学习的角度讲，簇相当于隐藏模式。聚类是搜索簇的False监督学习过程。与分类不同，False监督学习不依赖预先定义的类或带类标记的训练实例，需要由聚类学习算法自动确定标记. 聚类是将数据分类到不同的类或者簇这样的一个过程，所以同一个簇中的对象有很大的相似性，而不同簇间的对象有很大的相异性。
常见的聚类有k-均值聚类、层次聚类、谱聚类等。聚类分析是一种探索性的分析，在分类的过程中，人们不必事先给出一个分类的标准，聚类分析能够从样本数据出发，自动进行分类。聚类分析所使用方法的不同，常常会得到不同的结论。
本文对给定的数据应用聚类分析，从而揭示数据的内在规律. 为实际的生产生活做出指导和建议。",,张开军,TRUE,信息与计算科学,2021/11/7
2022xj044,动态规划理论及其应用,FALSE,,,工程实践/应用型,动态规划是运筹学的一个分支，是求解决策过程最优化的数学方法，其最终目的是确定各决策变量的取值，以使目标函数达到极大或极小。动态规划所处理的问题是一个多阶段决策问题，一般由初始状态开始，通过对中间阶段决策的选择，达到结束状态。这些决策形成了一个决策序列，同时确定了完成整个过程的一条活动路线(通常是求最优的活动路线)。动态规划在组合优化、工程技术、经济管理等各个领域有着广泛的应用。本文主要研究动态规划理论及其在排课系统、中国邮递员问题和管网运行优化等问题中的应用。,,王海超,TRUE,信息与计算科学,2021/11/7
2022xj031,两个非线性波方程的精确孤波解,FALSE,,,基础型,了解偏微分方程的基本理论，理解双曲函数展开法，并会熟练运用双曲函数展开法去解一些波动方程的精确孤波解的问题，同时需要借助于数学软件Maple编程，才能得到并计算出来这类偏微分方程的精确孤波解。了解什么是偏微分方程，如何求解偏微分方程？双曲函数展开法是一位学者提出来的一个求解特殊偏微分方程，也就是非线性波方程的精确孤波解的方法。用双曲函数展开法求解非线性波方程的解的计算量比较大，所以必须借助于数学软件Maple编程，并计算出来非线性波方程的精确孤波解。,"1、必须会使用数学软件Maple编程；
2、必须会查阅中英文文献，通过文献理解双曲函数展开法；
3、了解偏微分方程的基本理论。",卢峰红,TRUE,信息与计算科学,2021/11/7
2022xj034,最小二乘法和贝叶斯分析法研究,FALSE,,,基础型,双体制门限自回归模型(Two-regimes threshold autoregressive model)，简称双体制TAR模型，它是一种非线性时间序列模型，在拟合实际数据时具有较好的性质，利于解决一类非线性问题。但是由于传统方法建立门限自回归模型的步骤比较复杂、不易掌握，而且比较费时、费力，阻碍了门限自回归模型的应用。因此，提供一种不同于最小二乘法的模型分析方法，如采用贝叶斯方法对模型进行分析（包括：模型的似然函数、先验分布和后验分布）。同时，为了方便地得到模型参数，在参数的条件后验分布的基础上，使用马尔可夫链蒙特卡罗算法（MCMC）对模型参数进行采样（注意：针对条件后验分布的不同形式，可分别采用Gibbs抽样和Metropolis-Hastings算法）。最后，将采样值用于统计推断得到参数的估计值。,,孙玉芹,TRUE,信息与计算科学,2021/11/7
2022xj035,不平衡数据对分类算法性能的影响与研究,FALSE,,,基础型,"传统机器学习中，分类算法通常假定数据类别是平衡的，即各类别样本数大致相等。但在许多领域如：电力故障检测、异常用电行为提取及设备缺陷筛选等应用场景下，数据的分类通常不平衡，少数类的异常样本往往是任务的关键所在。请结合现有文献，分析不平衡样本及相应的处理方式对分类任务所产生的影响。
主要任务：
       1.自行生成若干类别的不平衡数据集（建议生成的数据集为凸集），并对所生成数据进行一般性分析，给出相关属性；
       2.选用不同的分类算法（随机森林，k-means等）对原始数据集进行分类，借用外部评价指标分析所得结果；
       3.参考已有对不平衡数据集的处理方法处理数据集，分析算法在处理后的数据上的表现。（此处的算法即评价指标应同2中一致）
       4.结合上述三项任务，给出不平衡数据集对分类算法性能的影响及已有处理方式的优劣性。
注：2，3中若选用随机森林等有监督分类算法，应当划分训练集与测试集，若选用K-MEANS等False监督算法，则应当选用合适的内部或外部评价指标。",,孙玉芹,TRUE,信息与计算科学,2021/11/7
2022xj056,基于神经网络的电力负荷预测模型研究,FALSE,,,工程实践/应用型,"电力系统由电力网、电力用户共同组成，其任务是给广大用户不间断地提供经济、可靠、符合质量标准的电能，满足各类负荷的需求，为社会发展提供动力。由于电力的生产与使用具有特殊性，即电能难以大量储存，而且各类用户对电力的需求是时刻变化的，这就要求系统发电出力应随时与系统负荷的变化动态平衡，即系统要最大限度的发挥出设备能力，使整个系统保持稳定且高效地运行，以满足用户的需求。否则，就会影响供用电的质量，甚至危及系统的安全与稳定。因此，电力系统负荷预测技术发展了起来。随着我国经济的发展，电力系统结构日趋复杂，电力负荷变化的非线性、时变性和不确定性的特点，很难建立一个合适的数学模型来清晰地表达负荷和影响负荷的变量之间的关系。近年快速发展的神经网络方法优势凸显，本课题基于神经网络对电力负荷进行预测研究。
",学习踏实，有一定的编程基础。,徐丽,TRUE,信息与计算科学,2021/11/7
2022xj020,降低信号采样率过程中的抗混叠滤波器设计,FALSE,,,基础型,"一、课题背景、目的、意义
   信号传输或存储时，为了提高传输的速度和节省存储空间，需要降低信号的采样率，但是直接降低信号采样率会引起信号频谱的混叠现象，因而需要在降低采样率之前将信号通过一个抗混叠滤波器进行滤波。
二 、课题的主要内容及要求
首先根据降低信号采样率过程中频谱混叠的产生原因，将抗混叠滤波器的设计转化成一个具有约束条件的最优化问题；然后编写MATLAB程序将最优化问题加以实现，滤波器的频谱和系数都将是程序运行的结果。
  备注：要求学生熟悉并掌握《信号与系统》和《数字信号处理》这两门课程，并能运用相关理论，根据实际要求将抗混叠滤波器的设计，写成一个约束的最优化方程组；熟练掌握MATLAB语言，并且能够应用MATLAB将最优化问题编程实现。",备注：要求学生熟悉并掌握《信号与系统》和《数字信号处理》这两门课程，并能运用相关理论，根据实际要求将抗混叠滤波器的设计，写成一个约束的最优化方程组；熟练掌握MATLAB语言，并且能够应用MATLAB将最优化问题编程实现。,李秀英,TRUE,信息与计算科学,2021/11/7
2022wl026,户用型光伏并网逆变器的硬件优化和可靠性仿真,FALSE,,,工程实践/应用型,"根据逆变桥的相数不同，光伏发 电系统用逆变器可分为单相逆变器和三相逆变器 ：一般使用单相逆变器的多为小型分布式光伏发电系统；而三相逆变器多用于大型光伏发电系统 。根据逆变器功率变换的级数又可将其分为单级式和多级式逆变器 。单级逆变器只通过一个逆变过程就同时完成逆变 、电压变换 以及控制功能 ；多级逆变器通常是由前级DC／DC和后级 DC／AC组成 的，前级 DC／DC可以实现 MPPT控制和直流母线稳压功能 ，后级 DC／AC 用于实现逆变及其他控制功能 。根据逆变器 的输入 、输 出方式又可分为电压源逆变器和电流源逆变器 。电压源逆变器直流侧采用电容滤波，交流侧采用缓冲电抗器，电流源逆变器则相反。
本课题主要探讨户用型并网光伏逆变器，从户用型并网光伏逆变器的拓扑结构，在硬件电路的实际设计中，使得系统硬件更加简洁可靠；并用仿真软件进行可靠性仿真。",,刘世建,TRUE,应用物理学,2021/11/7
2022xj057,基于有限差分法的Fisher方程动态行为分析,FALSE,,,基础型,"费希尔方程( Fisher equation)是一个常见于热传导、燃烧理论、生物学、生态学等领域的非线性偏微分方程。通过本课题了解Fisher方程的背景、相关特定问题的解析解。针对同质诺依曼边界条件的Fisher方程，采用有限差分法（如：向后差分和牛顿迭代法等）对相关问题进行数值求解。并对计算结果进行作图，进而分析其动态行为。程序设计采用MATLAB语言实现。
费希尔方程( Fisher equation)是一个常见于热传导、燃烧理论、生物学、生态学等领域的非线性偏微分方程。通过本课题了解Fisher方程的背景、相关特定问题的解析解。针对同质诺依曼边界条件的Fisher方程，采用有限差分法（如：向后差分和牛顿迭代法等）对相关问题进行数值求解。并对计算结果进行作图，进而分析其动态行为。程序设计采用MATLAB语言实现。",,徐丽,TRUE,信息与计算科学,2021/11/7
2022xj024,因子分析在实际问题数据处理中的应用,FALSE,,,工程实践/应用型,因子分析是多元统计分析中的非常重要的内容，也是经济统计数据分析中一个比较重要的分析工具，是处理数据的基本方法之一，有着广泛的应用。它的基本原理就是将比较多的解释因素或者较多的经济变量用较少的解释变量或者经济变量来解释可以达到比较好的解释效果，而较少的解释因素中含有所有因素中较多的信息，在经济数据统计处理中有比较好的应用，我们可以从相关网站上查询到有关的实际数据，利用统计软件SPSS对数据作出处理，并结合背景知识，给出比较合理的解释结果。,学习过多元统计分析的有关内容，会利用SPSS软件处理数据,刘家雄,TRUE,信息与计算科学,2021/11/7
2022xj025,多因素线性回归分析模型在实际中的应用,FALSE,,,工程实践/应用型,多元线性回归分析是分析和处理数据的一个重要的方法， 在处理数据上有很重要的应用，在实际问题中，影响某个因素的原因可以是很多个原因，也就是说，被解释变量可以有多个解释变量来解释或者来影响，但影响的程度如何，怎么量化可以转化为对变量参数的估计来理解，这就是回归分析的作用，我们可以在给出实际数据的前提下可以利用统计软件SPSS并结合回归分析的基本原理，对实际数据的结果结合背景知识给出比较合理的解释，有着一定的实际应用意义。,学习过多元统计分析的相关内容，特别是多元线性回归分析模型的相关内容，会使用SPSS软件处理数据,刘家雄,TRUE,信息与计算科学,2021/11/7
2022xj026,离散的Fourier变换（DFT）在谐波分析中的应用,FALSE,,,工程实践/应用型,"频谱分析在工程领域有着非常广泛的应用，我们知道信号特别是连续信号可以看成一元函数，是时间函数，频谱分析为我们提供了从频率的角度来看信号，特别是特别是时间函数通过Fourier变换以后，转入频域内研究函数，通过对信号的数学处理，可以分离提取信号的相关特征，特别是离散的Fourier变换(DFT)甚至离散的快速Fourier变换（FFT）在实际应用中诸如语音信号处理等有广泛的应用，我们理解了原理以后，可以通过计算软件仿真出具体信号的频谱，更能加深对DFT或者FFT的理解。
",学习过信号处理的相关内容，会使用MATLAB 编写一些基本的代码计算Fourier变换的结果,刘家雄,TRUE,信息与计算科学,2021/11/7
2022xj019,矩阵特征值在系统中的应用,TRUE,61903244,国家自然科学基金青年项目,基础型,矩阵的特征值问题是高等代数理论的一个重要且基本的内容，在科学研究、日常生活与工程实践中应用非常广泛，许多实际问题的求解最终都可归结为求矩阵的特征值与特征向量，例如振动问题、动力系统的稳定性问题和一些数学建模问题等。借助矩阵特征值的计算和讨论可以方便地达到解决问题的目的，对于系统，可通过特征值的范围判断系统是否稳定。因此，矩阵特征值是矩阵的一个重要的数量特征，在科学研究与工程实践中具有重要的理论和应用价值，如何以较简单的方式计算出系统的特征值也是科研人员一直以来孜孜以求的问题。对于复杂情形，有必要深入地研究矩阵的特征值的估计问题。,"1、能够阅读中、外文文献，善于思考； 2、具备MATLAB基础；
",李丽珍,TRUE,信息与计算科学,2021/11/7
2022wl054,石墨烯在太阳能电池中的应用研究,TRUE,TP2017076,,基础型,"石墨烯是从石墨材料中剥离出来、由碳原子组成的只有一层原子厚度的二维晶体。2004年，英国曼彻斯特大学物理学家安德烈·盖姆和康斯坦丁·诺沃肖洛夫，成功从石墨中分离出石墨烯，证实它可以单独存在，两人也因此共同获得2010年诺贝尔物理学奖。石墨烯既是最薄的材料，也是最强韧的材料，同时它又有很好的弹性，拉伸幅度能达到自身尺寸的20%。另外，石墨烯几乎是完全透明的，只吸收2.3%的光。另一方面，它非常致密，即使是最小的气体原子(氦原子)也False法穿透。这些特征使得它非常适合作为透明电子产品的原料，如透明的触摸显示屏、发光板和太阳能电池板。
本课题分析讨论石墨烯的制备以及其出众的光学、机械和电子特性，并以此研究石墨烯在太阳能电池中的应用。",该课题可锻炼学生查阅及阅读总结文献的能力，了解一般科学研究的流程，可锻炼学生研究问题解决问题的科研能力,郑莉,TRUE,应用物理学,2021/11/9
,高压下卤化钙钛矿材料光电性能的第一性原理计算模拟,TRUE,No.,,基础型,钛矿是指一类组成结构为ABX3的天然矿物质，于1839年首次被人类发现，并于19世纪由俄罗斯矿物科学家L. A. Perovski对其命名。钙钛矿化学式ABX3中的A、B均代表正价阳离子，其中A的尺寸半径较大；而X则代表负价阴离子，三者共同组成稳定结构的钙钛矿体系。钙钛矿结构有机False机混合卤化物钙钛矿是钙钛矿体系材料中的重要组成。其中Ａ位通常为正一价有机阳离子（如：MA+、FA+等），Ｂ位为正二价金属阳离子（Pb2+、Sn2+、Eu2+、Mn2+等），X位则为负一价卤族元素（F-、Cl-、Br-、I-）。而在全False机钙钛矿中，Ａ位则为正一价的碱金属离子（K+、Rb+、Cs+）。化学式为ABX3的晶体结构通常分为三类，即正交结构、四方结构、立方结构。由BX6八面体结构组成且以X位为连接点而组成其晶体结构的骨架，Ａ位填充在八面体间隙位置，从而保持整体结构的电中性。由于不同元素的离子半径不同，因此在进行离子组合过程中，通常将所有离子均被认为是刚性球体，计算组合结构的容忍因子（t）和八面体因子(μ）的大小。其中RA、RB、RX分别代表A、B、X的离子半径。当0.81＜t＜1.1，0.377＜μ＜0.895时，其所对应的钙钛矿被认为具有稳定立方结构。而当ｔ低于此范围时，钙钛矿形成四方结构或正交结构。钙钛矿材料的带隙与其组分有密切关系。由于不同组分存在离子半径的差异，这将引起晶格膨胀或收缩。例如，若Ａ位离子半径增大，则晶格发生膨胀，带隙减小。若X位掺入离子半径较大的卤素原子，则带隙减小，这正是卤族钙钛矿调整带隙的重要方法。研究发现，钙钛矿材料，尤其是有机-False机杂化钙钛矿材料，具有非常优异的光电性质。它拥有吸收系数高，载流子寿命长，载流子迁移率比较高，缺陷浓度低，缺陷能级浅，荧光量子产率高，激子束缚能低等优点，非常适合用于活性层材料，是理想的光电器件如太阳能电池、发光二极管、光电探测器等的制备材料。事实上，目前利用钙钛矿材料制备的光电器件的光电转换效率从2009年报道的3.8%到如今的最高25.2%。在生产工艺上，能通过溶液旋涂法进行低温制备，整体制造成本较低，并且可以制备柔性器件。兼具上述优势，钙钛矿材料凭借其False比卓越的光电性质和前景巨大的发展空间得到了全世界的研究人员的认可。,物理学专业学生,彭麟,FALSE,应用物理学,2021/11/9
2022wl027,双带介观超导体涡旋特性分析,TRUE,No.,,基础型,"1911年H. Kamerlingh Onnes在Leiden实验室研究各种金属的电阻率随温度变化时, 观测到Hg的电阻在4.2K时陡然降为零, 且在铅和锡等其他金属中也发现了同样的性质。这种在低温下发生的零电阻现象, 被称为物质的超导电性, 具有超导电性的材料称为超导体。电阻突然消失时的温度叫做超导体的临界温度, 用Tc表示。当温度在Tc以上时, 超导体和正常金属一样, 具有有限的电阻值,这时超导体处于正常态; 当温度在Tc以下时, 超导体进入零电阻状态—超导态。直到1933年, 人们始终相信超导电性和“理想”导电性是相同的。然而在当年, Meissner发现了超导体的完全抗磁性—外磁场总是被排斥在处于超导态的超导体之外, 它与加磁场的历史False关, 这个效应称之为Meissner效应。
    纳米技术的高速发展使人们能够在实验上研制几何形状复杂的介观超导体,同时也增加了科学家对其的研究兴趣。因为它不仅能增加我们对超导物理的理解,还能推动超导电子学技术的发展。介观超导体是指其尺寸与其特征长度(如相干长度或穿透深度),可比拟的超导体。在磁场中,介观超导体的性质主要受其边界条件(如形状,尺寸和外部环境等)的影响,使它表现出许多不同于大块超导体的行为。例如介观超导体中可以出现巨涡旋态和多涡旋态,以及涡旋-反涡旋对等状态。以往,对介观超导体的理论研究主要近似认为样品几何是二维的,即超导序参量、超导电流、磁场等沿外磁场方向(令为z方向)总是均匀的,独立于z轴。如薄盘、薄环 和长圆柱等。这种情况,界面比较简单,不能准确反映三维样品的实质。例如,对于三维介观球来说,边界与外加磁场的夹角将会起到重要作用,导致样品内部的涡旋弯曲,由此超流也将不再在平面内流动,其效应也将不得不考虑。
",物理专业学生,彭麟,TRUE,应用物理学,2021/11/9
2022wl028,不同参数空间介观超导磁涡旋可能的分布,TRUE,No. 17ZR1411400,,基础型,"超导体（英文名：superconductor），又称为超导材料，指在某一温度下，电阻为零的导体。在实验中，若导体电阻的测量值低于10-25Ω，可以认为电阻为零。超导体不仅具有零电阻的特性，另一个重要特征是完全抗磁化。人类最初发现超导体是在1911年，这一年荷兰科学家海克&#8226;卡末林&#8226;昂内斯（Heike Kamerlingh Onnes）等人发现，汞在极低的温度下，其电阻消失，呈超导状态。此后超导体的研究日趋深入，一方面，多种具有实用潜力的超导材料被发现，另一方面，对超导机理的研究也有一定进展。目前，超导体已经进行了一系列试验性应用，并且开展了一定的军事、商业应用。
    现代纳米技术的发展已经能够使人们制造出各种形状的小尺寸超导样品。随着尺寸的减小，样品中量子局限效应得以显现，从而表现出很多宏观超导体所不具备的特点。对于介观尺度超导体（即样品尺寸与相干长度或穿透深度相当的超导体），其超导性质易受样品几何尺寸的影响，会表现出许多新奇现象，引起了人们广泛的研究兴趣。由于纳米级这个概念，在未来是一种流行的大趋势，所以我们选择探究纳米尺度的超导体。在实验后，我们将会得到纳米尺度超导体在外加电流与磁场下，其的静态和动态特性以及磁化振荡的周期的变化。本论文简单介绍了描述Ⅱ类超导体混合态特性的Ginzburg-Landau理论,然后对其进行False量纲化和离散化,建立了基于有限元方法的数值模型,并采用数值模拟方法研究了微、纳米尺度超导薄膜中的磁通动力学相关问题。我们还发现模拟中得到的所有的磁通动力学相和稳定的磁电阻双峰结构几乎与纳米线长度False关,但与宽度有关,因此可归因于超导纳米线的本征特性。
",物理专业学生,彭麟,TRUE,应用物理学,2021/11/9
2022wl029,热力学输运对介观超导动力学影响,TRUE,No. 17ZR1411400,,基础型,"现代纳米技术的发展已经能够使人们制造出各种形状的小尺寸超导样品。随着尺寸的减小，样品中量子局限效应得以显现，从而表现出很多宏观超导体所不具备的特点。对于介观尺度超导体（即样品尺寸与相干长度或穿透深度相当的超导体），其超导性质易受样品几何尺寸的影响，会表现出许多新奇现象，引起了人们广泛的研究兴趣。由于纳米级这个概念，在未来是一种流行的大趋势，所以我们选择探究纳米尺度的超导体。在实验后，我们将会得到纳米尺度超导体在外加电流与磁场下，其的静态和动态特性以及磁化振荡的周期的变化。本论文简单介绍了描述Ⅱ类超导体混合态特性的Ginzburg-Landau理论,然后对其进行False量纲化和离散化,建立了基于有限元方法的数值模型,并采用数值模拟方法研究了微、纳米尺度超导薄膜中的磁通动力学相关问题。我们还发现模拟中得到的所有的磁通动力学相和稳定的磁电阻双峰结构几乎与纳米线长度False关,但与宽度有关,因此可归因于超导纳米线的本征特性。
    本毕业论文旨在在考虑了外场中,对介观超导体中的涡旋态作理论研究。通过用有限元法数值求解完整的非线性GL方程组,对其涡旋态进行分析。
",物理专业学生,彭麟,TRUE,应用物理学,2021/11/9
2022wl044,基于霍尔效应实验的研究,FALSE,,,基础型,"在磁场中的载流导体上出现横向电势差的现象是24岁的研究生霍尔（Edwin H. Hall）在1879年发现的，现在称之为霍尔效应。随着半导体物理学的迅猛发展，霍尔系数和电导率的测量已经称为研究半导体材料的主要方法之一。
在霍尔效应发现约100年后，德国物理学家克利青(Klaus von Klitzing)等研究半导体在极低温度和强磁场中发现了量子霍尔效应，它不仅可作为一种新型电阻标准，还可以改进一些基本产量的精确测定，是当代凝聚态物理学和磁学令人惊异的进展之一，克利青因此发现获得1985年诺贝尔物理学奖。其后美籍华裔物理学家崔琦(D. C. Tsui)和施特默在更强磁场下研究量子霍尔效应时发现了分数量子霍尔效应。它的发现使人们对宏观量子现象的认识更深入一步，他们因此发现获得了1998年诺贝尔物理学奖。
本论文基于虚拟仿真实验用霍尔元件测量磁场，判断霍尔元件载流子类型，计算载流子的浓度和迁移速度，以及了解霍尔效应测试中的各种负效应及消除方法。学习使用origin软件对实验数据进行绘图处理，并对实验结果进行分析。论文最后延伸拓展霍尔效应在各个领域的应用情况。",,杨春沪,TRUE,应用物理学,2021/11/9
2022wl049,GdBCO 超导块材的微观结构均匀性研究,TRUE,教育部留学生基金,,基础型,"超导材料能够在低温条件下呈现出电阻等于零以及排斥磁力线等性质。铜氧化物高温超导块材具有较高的磁感应强度，尺寸为120cm的圆柱形超导块材在低温77K时，因为强磁场而产生的悬浮力可以负载一个成年人的重量，这是相同尺寸的永久磁体根本False法达到的。顶部籽晶熔融织构生长法作为可以有效抑制 REBCO 超导块材出现随机成核，减少晶粒间的弱连接的制备方法，被广泛应在各种 REBCO 超导块材的制备与性能研究中，也是我们课题组用来制备 GdBCO 超导块材的主要方法。但是，通常制备出来的超导块材存在着微观结构不均匀性。
本课题主要是通过修改后的熔融织构方法，制备高性能的GdBCO超导块材，同时对该材料的微观结构进行相应的分析研究，找到提高超导块材性能的方法，促进材料的应用研究。目的是培养学生独立的实验和解决问题的能力。
一、本课题主要内容：
1）主要学习通过熔融织构方法生长制备样品。	
2）通过微观结构的图像，对超导块材的均匀性进行比较。通过已有的物理知识，对实验数据进行简单的分析。
二、所需主要知识：
《电磁学》、《材料物理》等
","二、所需主要知识：
《电磁学》、《材料物理》等
",张玉凤,TRUE,应用物理学,2021/11/9
2022wl016,倒格子在固体物理中的作用,FALSE,,,基础型,"倒格子在固体物理学中是一个非常重要的概念，特别是在晶格动力学理论、晶体电子论以及晶体衍射方面有着较为广泛的应用。倒格子是物理学中描述空间波函数的傅立叶变换后的周期性的一种方法。由傅立叶变换将晶体的周期性的实空间（正格子）变换成了周期性的倒易空间（倒格子）。倒易空间对于描述晶格与粒子（如光子、电子等）之间的作用是很便利的，例如X射线衍射图样实际上就是晶体倒格子而不是正格子的直接映像。
1912年德国物理学家劳厄提出晶体可以作为X射线的空间衍射光栅,即当一束 X射线通过晶体时将发生衍射，衍射波叠加的结果使射线的强度在某些方向上加强，在其他方向上减弱。分析在照相底片上得到的衍射花样，即倒格子的空间分布便可确定晶体结构。
本论文希望能从不同的角度对固体物理中倒格子的含义做深入的探讨。",要求学生掌握固体物理的基础知识，能够将固体物理的理论知识融汇贯通，从而有更深入地理解。,胡海宁,TRUE,应用物理学,2021/11/9
